{"stats":{"minecraft:broken":{"minecraft:iron_shovel":1,"minecraft:shears":1,"minecraft:iron_boots":1,"minecraft:stone_pickaxe":1,"minecraft:stone_axe":4,"minecraft:wooden_axe":4,"minecraft:stone_shovel":1,"minecraft:wooden_pickaxe":2,"minecraft:iron_axe":5,"minecraft:leather_boots":1,"minecraft:iron_pickaxe":3,"minecraft:iron_helmet":1},"minecraft:custom":{"minecraft:animals_bred":2,"minecraft:interact_with_crafting_table":243,"minecraft:open_barrel":33,"minecraft:leave_game":29,"minecraft:time_since_death":269111,"minecraft:sprint_one_cm":2881117,"minecraft:damage_blocked_by_shield":5905,"minecraft:drop":105,"minecraft:talked_to_villager":3,"minecraft:play_time":1710484,"minecraft:deaths":13,"minecraft:jump":12957,"minecraft:walk_on_water_one_cm":185844,"minecraft:interact_with_furnace":87,"minecraft:interact_with_cartography_table":1,"minecraft:sleep_in_bed":86,"minecraft:damage_dealt":18283,"minecraft:crouch_one_cm":66609,"minecraft:interact_with_smoker":6,"minecraft:inspect_dispenser":7,"minecraft:horse_one_cm":272237,"minecraft:mob_kills":216,"minecraft:climb_one_cm":98717,"minecraft:walk_one_cm":8128105,"minecraft:sneak_time":40839,"minecraft:walk_under_water_one_cm":131798,"minecraft:boat_one_cm":264241,"minecraft:interact_with_blast_furnace":1,"minecraft:total_world_time":1710484,"minecraft:interact_with_grindstone":1,"minecraft:interact_with_stonecutter":33,"minecraft:time_since_rest":0,"minecraft:damage_taken":20501,"minecraft:swim_one_cm":135746,"minecraft:fly_one_cm":644631,"minecraft:open_chest":740,"minecraft:fall_one_cm":308563},"minecraft:killed_by":{"minecraft:creeper":1,"minecraft:drowned":1,"minecraft:zombie":3,"minecraft:spider":1,"minecraft:slime":1,"minecraft:skeleton":2},"minecraft:killed":{"minecraft:cave_spider":3,"minecraft:spider":25,"minecraft:skeleton":28,"minecraft:chicken":3,"minecraft:silverfish":2,"minecraft:zombie_villager":2,"minecraft:creeper":6,"minecraft:sheep":7,"minecraft:pillager":8,"minecraft:zombie":39,"minecraft:stray":4,"minecraft:cow":6,"minecraft:slime":74,"minecraft:phantom":1,"minecraft:drowned":1},"minecraft:crafted":{"minecraft:oak_planks":2862,"minecraft:oak_sign":87,"minecraft:cooked_chicken":3,"minecraft:lightning_rod":1,"minecraft:cooked_mutton":25,"minecraft:deepslate_brick_stairs":54,"minecraft:dark_oak_door":9,"minecraft:glass":16,"minecraft:bow":1,"minecraft:iron_boots":1,"minecraft:chest":11,"minecraft:acacia_fence":126,"minecraft:jungle_stairs":52,"minecraft:oak_fence":24,"minecraft:cooked_rabbit":1,"minecraft:crafting_table":12,"minecraft:spruce_planks":208,"minecraft:iron_helmet":2,"minecraft:baked_potato":100,"minecraft:wooden_pickaxe":2,"minecraft:oak_wood":3,"minecraft:spruce_trapdoor":6,"minecraft:iron_chestplate":2,"minecraft:diamond_pickaxe":1,"minecraft:shield":3,"minecraft:stick":852,"minecraft:iron_ingot":163,"minecraft:iron_pickaxe":6,"minecraft:stone_sword":1,"minecraft:dark_oak_fence_gate":25,"minecraft:deepslate_bricks":11,"minecraft:wooden_sword":1,"minecraft:stone_shovel":1,"minecraft:leather_boots":1,"minecraft:iron_nugget":891,"minecraft:furnace":4,"minecraft:dark_oak_trapdoor":44,"minecraft:jungle_trapdoor":46,"minecraft:spruce_fence":48,"minecraft:oak_trapdoor":108,"minecraft:glass_pane":96,"minecraft:lantern":105,"minecraft:diamond":9,"minecraft:dark_oak_fence":521,"minecraft:deepslate_brick_wall":133,"mcwroofs:spruce_planks_steep_roof":4,"minecraft:polished_deepslate":4,"minecraft:iron_axe":7,"minecraft:spruce_wood":3,"minecraft:ladder":60,"minecraft:stone_pickaxe":1,"minecraft:spruce_boat":1,"minecraft:dark_oak_planks":1660,"minecraft:cooked_beef":11,"minecraft:diamond_sword":1,"minecraft:dark_oak_stairs":304,"minecraft:iron_sword":1,"minecraft:deepslate_brick_slab":66,"minecraft:bucket":1,"minecraft:stone_axe":5,"minecraft:glowstone":96,"minecraft:jungle_planks":244,"minecraft:air":0,"minecraft:oak_fence_gate":26,"minecraft:oak_stairs":168,"minecraft:wooden_axe":4,"minecraft:iron_shovel":1,"minecraft:iron_leggings":2,"minecraft:white_bed":1,"minecraft:acacia_planks":256,"minecraft:torch":664},"minecraft:dropped":{"minecraft:iron_sword":1,"minecraft:candle":14,"minecraft:warped_fungus":2,"minecraft:baked_potato":5,"minecraft:diamond":8,"minecraft:spruce_leaves":35,"minecraft:dirt":6,"minecraft:dark_oak_log":64,"mcwroofs:spruce_planks_steep_roof":4,"minecraft:dark_oak_fence":3,"minecraft:phantom_membrane":2,"minecraft:birch_log":1,"minecraft:bone":2,"minecraft:crimson_fungus":1,"minecraft:cobbled_deepslate":333,"minecraft:pointed_dripstone":2,"minecraft:rotten_flesh":15,"minecraft:oak_planks":22,"minecraft:glowstone_dust":4,"minecraft:waxed_copper_block":2,"minecraft:recovery_compass":1,"minecraft:gunpowder":5,"minecraft:arrow":3,"minecraft:netherrack":8,"minecraft:water_bucket":1,"minecraft:bread":7,"minecraft:wheat_seeds":13,"minecraft:mossy_cobblestone":15,"minecraft:iron_helmet":1,"minecraft:oak_fence":2,"minecraft:feather":1,"minecraft:cobblestone":50,"minecraft:waxed_copper_grate":3,"minecraft:apple":2,"minecraft:granite":1,"minecraft:coal":128,"minecraft:stick":19,"minecraft:deepslate_brick_stairs":5,"minecraft:torch":21,"minecraft:waxed_oxidized_copper":2,"minecraft:pumpkin":12,"minecraft:iron_axe":5,"minecraft:iron_shovel":1,"minecraft:string":10,"minecraft:spruce_sapling":128,"minecraft:moss_carpet":3,"minecraft:sweet_berries":39,"minecraft:deepslate":556,"minecraft:raw_iron":6,"minecraft:lightning_rod":1,"minecraft:deepslate_bricks":1,"minecraft:spruce_planks":8,"minecraft:iron_chestplate":1,"minecraft:spider_eye":2},"minecraft:mined":{"minecraft:dark_oak_planks":6,"minecraft:large_amethyst_bud":2,"minecraft:spruce_planks":27,"minecraft:white_bed":5,"minecraft:cobblestone_stairs":8,"minecraft:brewing_stand":1,"minecraft:spruce_trapdoor":2,"minecraft:potted_dead_bush":1,"minecraft:granite":29,"minecraft:grass_block":399,"minecraft:jungle_log":7,"minecraft:deepslate_bricks":240,"minecraft:chiseled_tuff_bricks":8,"minecraft:crimson_fungus":2,"minecraft:oak_wall_sign":1,"minecraft:oxeye_daisy":56,"minecraft:tuff_bricks":26,"minecraft:chiseled_stone_bricks":27,"minecraft:spawner":2,"minecraft:tall_seagrass":2,"minecraft:magma_block":1,"minecraft:glowstone":105,"minecraft:dark_oak_trapdoor":4,"minecraft:iron_ore":3,"minecraft:cobbled_deepslate":12,"minecraft:fire":11,"minecraft:polished_tuff":1,"minecraft:moss_carpet":3,"minecraft:pumpkin":13,"minecraft:brown_bed":1,"minecraft:dark_oak_stairs":38,"minecraft:pointed_dripstone":2,"minecraft:cave_vines":1,"minecraft:water_cauldron":2,"minecraft:flowering_azalea_leaves":8,"minecraft:small_amethyst_bud":1,"minecraft:oak_stairs":42,"minecraft:deepslate_brick_stairs":81,"minecraft:pink_tulip":1,"minecraft:azalea_leaves":17,"minecraft:azalea":1,"minecraft:jungle_trapdoor":7,"minecraft:brown_mushroom":2,"minecraft:blackstone":12,"minecraft:kelp_plant":9,"minecraft:medium_amethyst_bud":2,"minecraft:deepslate_brick_wall":26,"minecraft:smoker":1,"minecraft:amethyst_cluster":1,"minecraft:clay":39,"minecraft:torch":9,"minecraft:jungle_stairs":15,"minecraft:calcite":14,"minecraft:chest":4,"minecraft:nether_quartz_ore":6,"minecraft:cobblestone":116,"minecraft:oak_planks":136,"minecraft:sugar_cane":52,"minecraft:grindstone":5,"minecraft:wall_torch":6,"minecraft:amethyst_block":7,"minecraft:deepslate_copper_ore":1,"mcwroofs:spruce_planks_steep_roof":3,"minecraft:waxed_copper_bulb":1,"minecraft:warped_nylium":198,"minecraft:dark_oak_door":1,"minecraft:birch_log":6,"minecraft:lilac":3,"minecraft:waxed_copper_block":8,"minecraft:warped_fungus":6,"minecraft:orange_tulip":4,"minecraft:oak_log":268,"minecraft:oak_fence_gate":3,"minecraft:waxed_oxidized_copper":1,"minecraft:acacia_fence":3,"minecraft:sand":16,"minecraft:dirt":301,"minecraft:smooth_basalt":15,"minecraft:netherrack":202,"minecraft:deepslate":292,"minecraft:oak_leaves":147,"minecraft:nether_gold_ore":2,"minecraft:tuff":2,"minecraft:mossy_cobblestone":17,"minecraft:candle":6,"minecraft:stripped_birch_log":1,"minecraft:dark_oak_log":5,"minecraft:purple_candle":2,"minecraft:glow_lichen":1,"minecraft:dark_oak_fence":42,"minecraft:ladder":36,"minecraft:spruce_fence":50,"minecraft:decorated_pot":37,"minecraft:spruce_leaves":281,"minecraft:moss_block":9,"minecraft:kelp":1,"minecraft:large_fern":7,"minecraft:hay_block":2,"minecraft:deepslate_brick_slab":41,"minecraft:oak_trapdoor":9,"minecraft:waxed_oxidized_cut_copper":1,"minecraft:carrots":1,"minecraft:waxed_copper_grate":4,"minecraft:nether_sprouts":2,"minecraft:andesite":9,"minecraft:dark_oak_fence_gate":1,"minecraft:stripped_spruce_log":2,"minecraft:big_dripleaf_stem":1,"minecraft:peony":11,"minecraft:chiseled_tuff":1,"minecraft:bell":1,"minecraft:lantern":5,"minecraft:potatoes":21,"minecraft:shroomlight":2,"minecraft:warped_stem":14,"minecraft:stripped_oak_log":1,"minecraft:stone":320,"minecraft:white_wool":5,"minecraft:podzol":18,"minecraft:flowering_azalea":1,"minecraft:basalt":9,"minecraft:oak_fence":3,"minecraft:crafting_table":3,"minecraft:short_grass":144,"minecraft:warped_roots":7,"minecraft:rose_bush":1,"minecraft:campfire":1,"minecraft:copper_ore":1,"minecraft:lightning_rod":2,"minecraft:tall_grass":6,"minecraft:lapis_ore":1,"minecraft:diorite":85,"minecraft:blue_bed":11,"minecraft:big_dripleaf":12,"minecraft:warped_wart_block":18,"minecraft:purple_bed":3,"minecraft:birch_planks":2,"minecraft:coarse_dirt":1,"minecraft:sweet_berry_bush":36,"minecraft:spruce_log":1534,"minecraft:birch_leaves":1,"minecraft:flower_pot":3,"minecraft:sunflower":3,"minecraft:gravel":6,"minecraft:dripstone_block":2,"minecraft:cobweb":30,"minecraft:small_dripleaf":3,"minecraft:fern":15},"minecraft:used":{"minecraft:tuff_bricks":1,"minecraft:moss_carpet":2,"minecraft:iron_shovel":292,"mcwroofs:spruce_planks_steep_roof":3,"minecraft:ladder":93,"minecraft:oak_sign":49,"minecraft:chest":14,"minecraft:shield":119,"minecraft:iron_sword":194,"minecraft:spruce_leaves":3,"minecraft:carrot":3,"minecraft:deepslate_brick_slab":154,"minecraft:waxed_copper_grate":2,"minecraft:stripped_spruce_log":1,"minecraft:spruce_boat":1,"minecraft:waxed_oxidized_copper":1,"minecraft:lantern":96,"minecraft:birch_sapling":4,"minecraft:bow":144,"minecraft:ominous_bottle":1,"minecraft:oak_sapling":3,"minecraft:furnace":4,"minecraft:cooked_cod":45,"minecraft:acacia_fence":92,"minecraft:egg":2,"minecraft:potato":16,"minecraft:deepslate_brick_wall":280,"minecraft:dark_oak_stairs":311,"minecraft:diorite":1,"minecraft:oak_planks":1624,"minecraft:stone_pickaxe":84,"minecraft:blackstone":6,"minecraft:wooden_pickaxe":67,"minecraft:blue_bed":11,"minecraft:oak_leaves":17,"minecraft:glow_berries":10,"minecraft:dark_oak_trapdoor":27,"minecraft:shears":236,"minecraft:deepslate_brick_stairs":436,"minecraft:lightning_rod":2,"minecraft:dark_oak_log":10,"minecraft:bread":36,"minecraft:gravel":1,"minecraft:diamond_sword":198,"minecraft:wooden_sword":30,"minecraft:dark_oak_fence":600,"minecraft:cooked_rabbit":1,"minecraft:oak_fence":6,"minecraft:oak_trapdoor":71,"minecraft:stone_sword":34,"minecraft:stone_shovel":199,"minecraft:spruce_planks":21,"minecraft:cooked_chicken":11,"minecraft:netherrack":338,"minecraft:torch":487,"minecraft:dirt":358,"minecraft:warped_wart_block":27,"minecraft:oak_fence_gate":27,"minecraft:jungle_trapdoor":42,"minecraft:granite":2,"minecraft:spruce_fence":80,"minecraft:dark_oak_planks":216,"minecraft:wooden_axe":241,"minecraft:iron_axe":1730,"minecraft:oak_stairs":181,"minecraft:glowstone":83,"minecraft:golden_carrot":2,"minecraft:cooked_beef":20,"minecraft:cobbled_deepslate":139,"minecraft:brown_bed":1,"minecraft:cooked_mutton":25,"minecraft:water_bucket":1,"minecraft:warped_stem":7,"minecraft:baked_potato":167,"minecraft:deepslate_bricks":224,"minecraft:crafting_table":15,"minecraft:white_bed":8,"minecraft:dark_oak_fence_gate":21,"minecraft:spruce_log":2247,"minecraft:dark_oak_door":8,"minecraft:smoker":1,"minecraft:oak_log":345,"minecraft:diamond_pickaxe":834,"minecraft:apple":24,"minecraft:ominous_trial_key":3,"minecraft:iron_pickaxe":1092,"minecraft:jungle_stairs":49,"minecraft:spruce_trapdoor":3,"minecraft:spruce_sapling":8,"minecraft:stone_axe":635,"minecraft:cobblestone":218,"minecraft:purple_bed":4,"minecraft:cooked_porkchop":9,"minecraft:bucket":2,"minecraft:glass_pane":68,"minecraft:pumpkin_pie":1,"minecraft:stripped_oak_log":1},"minecraft:picked_up":{"minecraft:wooden_axe":4,"minecraft:iron_chestplate":1,"minecraft:wheat":6,"minecraft:flower_pot":3,"minecraft:lead":5,"minecraft:diamond_sword":4,"minecraft:oak_stairs":41,"minecraft:brown_bed":1,"minecraft:potion":1,"minecraft:enchanted_book":1,"minecraft:brewing_stand":1,"minecraft:amethyst_block":30,"minecraft:string":64,"minecraft:dark_oak_trapdoor":30,"minecraft:raw_copper":43,"minecraft:iron_leggings":4,"minecraft:shroomlight":3,"minecraft:oak_sign":1,"minecraft:gold_nugget":6,"minecraft:cobbled_deepslate":672,"minecraft:bucket":1,"minecraft:spruce_planks":203,"minecraft:rose_bush":1,"minecraft:azalea":4,"minecraft:calcite":26,"minecraft:iron_pickaxe":2,"minecraft:dark_oak_door":1,"minecraft:tipped_arrow":6,"minecraft:stick":400,"minecraft:acacia_fence":76,"minecraft:deepslate_brick_wall":187,"minecraft:big_dripleaf":22,"minecraft:oak_fence":2,"minecraft:torch":173,"minecraft:acacia_log":37,"minecraft:lightning_rod":2,"minecraft:waxed_copper_grate":5,"minecraft:pointed_dripstone":2,"minecraft:diorite":125,"minecraft:cauldron":2,"minecraft:stone_sword":1,"minecraft:rotten_flesh":68,"minecraft:tropical_fish":3,"minecraft:iron_block":1,"minecraft:glowstone":55,"minecraft:deepslate_brick_stairs":436,"minecraft:obsidian":1,"minecraft:cobblestone":500,"minecraft:birch_log":13,"minecraft:leather_chestplate":1,"minecraft:cooked_beef":10,"minecraft:feather":18,"minecraft:lilac":1,"minecraft:andesite":5,"minecraft:water_bucket":1,"minecraft:jungle_log":7,"minecraft:smoker":2,"minecraft:potato":60,"minecraft:tuff":2,"minecraft:lapis_lazuli":153,"minecraft:stripped_birch_log":1,"minecraft:dirt":981,"minecraft:lantern":123,"minecraft:twisting_vines":4,"minecraft:leather_boots":4,"minecraft:glass":22,"minecraft:bone":57,"minecraft:acacia_planks":128,"minecraft:bow":5,"minecraft:wheat_seeds":57,"minecraft:deepslate_brick_slab":118,"minecraft:bell":2,"minecraft:grindstone":9,"minecraft:rabbit":1,"minecraft:glowstone_dust":344,"minecraft:moss_block":8,"minecraft:scrape_pottery_sherd":2,"minecraft:oak_planks":160,"minecraft:warped_wart_block":44,"minecraft:poisonous_potato":3,"minecraft:sand":32,"minecraft:stripped_spruce_log":2,"minecraft:dead_bush":1,"minecraft:diamond_block":1,"minecraft:dark_oak_log":203,"minecraft:mossy_cobblestone":32,"minecraft:diamond":75,"minecraft:deepslate":236,"minecraft:granite":65,"minecraft:breeze_rod":2,"minecraft:emerald":38,"minecraft:bread":14,"minecraft:oak_sapling":8,"minecraft:netherrack":377,"minecraft:dark_oak_fence":46,"minecraft:ominous_trial_key":4,"minecraft:spruce_leaves":38,"minecraft:oak_leaves":62,"minecraft:diamond_pickaxe":4,"minecraft:charcoal":2,"minecraft:coarse_dirt":1,"minecraft:crafting_table":5,"minecraft:ominous_bottle":2,"minecraft:chicken":5,"minecraft:ladder":90,"minecraft:clay_ball":332,"minecraft:brown_mushroom":10,"minecraft:music_disc_creator":1,"minecraft:brick":88,"minecraft:shield":4,"minecraft:wind_charge":10,"minecraft:jungle_trapdoor":7,"minecraft:oak_trapdoor":8,"minecraft:moss_carpet":9,"minecraft:iron_axe":8,"minecraft:wooden_sword":4,"minecraft:iron_shovel":7,"minecraft:blackstone":6,"minecraft:glass_pane":42,"minecraft:candle":14,"minecraft:beef":15,"minecraft:iron_nugget":173,"minecraft:sugar_cane":151,"minecraft:chest":3,"minecraft:spruce_trapdoor":2,"minecraft:phantom_membrane":5,"minecraft:waxed_oxidized_copper":3,"minecraft:egg":25,"minecraft:raw_iron":375,"minecraft:spruce_fence":44,"minecraft:recovery_compass":1,"minecraft:flow_pottery_sherd":1,"minecraft:carrot":1,"minecraft:dark_oak_planks":48,"minecraft:purple_candle":12,"minecraft:arrow":238,"minecraft:diamond_chestplate":5,"minecraft:cooked_cod":45,"minecraft:decorated_pot":7,"minecraft:jungle_stairs":15,"minecraft:deepslate_bricks":316,"minecraft:hay_block":4,"minecraft:pink_tulip":1,"minecraft:tuff_bricks":20,"minecraft:glow_berries":1,"minecraft:mutton":10,"minecraft:rail":2,"minecraft:white_wool":9,"minecraft:oxeye_daisy":295,"minecraft:stripped_oak_log":1,"minecraft:basalt":9,"minecraft:golden_carrot":2,"minecraft:leather":14,"minecraft:birch_planks":2,"minecraft:crimson_fungus":3,"minecraft:oak_log":525,"minecraft:waxed_copper_block":8,"minecraft:gunpowder":7,"minecraft:cobblestone_stairs":7,"minecraft:blue_bed":13,"minecraft:paper":9,"minecraft:white_banner":1,"minecraft:cooked_mutton":27,"minecraft:apple":2,"minecraft:warped_stem":15,"minecraft:iron_ingot":174,"minecraft:oak_fence_gate":3,"mcwroofs:spruce_planks_steep_roof":19,"minecraft:iron_sword":3,"minecraft:flowering_azalea":3,"minecraft:dark_oak_stairs":60,"minecraft:smooth_basalt":15,"minecraft:warped_fungus":9,"minecraft:pumpkin":25,"minecraft:sweet_berries":211,"minecraft:chiseled_stone_bricks":27,"minecraft:quartz":6,"minecraft:dripstone_block":3,"minecraft:gravel":10,"minecraft:amethyst_shard":12,"minecraft:spruce_sapling":660,"minecraft:white_bed":10,"minecraft:spruce_log":2231,"minecraft:dark_oak_fence_gate":2,"minecraft:spider_eye":5,"minecraft:purple_bed":5,"minecraft:slime_ball":71,"minecraft:stone_axe":6,"minecraft:iron_helmet":6,"minecraft:warped_roots":29,"minecraft:baked_potato":64,"minecraft:chiseled_tuff_bricks":1,"minecraft:coal":1031}},"DataVersion":3953}