{"stats":{"minecraft:picked_up":{"minecraft:iron_chestplate":4,"minecraft:wheat":115,"minecraft:light_blue_concrete":11,"minecraft:flower_pot":1,"minecraft:diamond_sword":5,"minecraft:oak_stairs":1,"minecraft:potion":1,"minecraft:golden_sword":1,"minecraft:amethyst_block":62,"minecraft:polished_deepslate":90,"minecraft:string":3,"minecraft:dark_oak_trapdoor":12,"minecraft:raw_copper":622,"minecraft:iron_leggings":1,"minecraft:armor_stand":2,"minecraft:experience_bottle":6,"minecraft:beetroot":6,"minecraft:diamond_leggings":4,"minecraft:smooth_stone":1,"minecraft:gold_nugget":482,"minecraft:cobbled_deepslate":331,"minecraft:comparator":2,"minecraft:bucket":4,"minecraft:trial_key":2,"minecraft:azalea":25,"minecraft:netherite_upgrade_smithing_template":9,"minecraft:iron_pickaxe":12,"minecraft:coal_block":1,"minecraft:iron_boots":2,"minecraft:furnace":13,"minecraft:dark_oak_door":2,"minecraft:spruce_pressure_plate":4,"minecraft:golden_helmet":1,"minecraft:white_glazed_terracotta":8,"minecraft:stick":400,"minecraft:big_dripleaf":84,"minecraft:polished_deepslate_stairs":8,"minecraft:torch":408,"minecraft:porkchop":10,"minecraft:lightning_rod":1,"minecraft:cherry_log":48,"minecraft:pointed_dripstone":21,"minecraft:diorite":12,"toms_storage:inventory_connector":1,"minecraft:golden_chestplate":2,"minecraft:green_terracotta":10,"minecraft:stone_sword":2,"minecraft:rotten_flesh":74,"minecraft:tropical_fish":50,"minecraft:obsidian":8,"minecraft:cod":1,"minecraft:cobblestone":1312,"minecraft:birch_log":12,"minecraft:pink_petals":64,"minecraft:cooked_beef":1,"minecraft:cherry_planks":1,"minecraft:andesite":46,"minecraft:water_bucket":6,"minecraft:jungle_log":120,"minecraft:black_bed":1,"minecraft:golden_leggings":2,"minecraft:oxidized_copper_bulb":1,"minecraft:potato":423,"minecraft:flint":18,"minecraft:tuff":16,"additional_lights:fire_for_standing_torch_s":11,"minecraft:netherite_leggings":1,"minecraft:lapis_lazuli":172,"minecraft:dirt":775,"minecraft:lantern":2,"minecraft:leather_boots":1,"minecraft:glass":1,"minecraft:bone":267,"minecraft:chipped_anvil":2,"minecraft:gray_terracotta":11,"minecraft:bow":11,"minecraft:wheat_seeds":482,"minecraft:raw_gold":47,"minecraft:grindstone":2,"minecraft:diamond_helmet":2,"minecraft:bamboo":65,"minecraft:glowstone_dust":5,"minecraft:moss_block":122,"minecraft:cyan_concrete":3,"minecraft:cooked_porkchop":6,"minecraft:axolotl_bucket":14,"minecraft:poisonous_potato":6,"minecraft:sand":955,"minecraft:ink_sac":8,"minecraft:lily_of_the_valley":1,"minecraft:dark_oak_log":1365,"minecraft:barrel":1,"minecraft:mossy_cobblestone":37,"minecraft:clay":1,"minecraft:diamond":93,"minecraft:netherite_helmet":1,"minecraft:granite":8,"minecraft:bone_meal":1,"minecraft:emerald":67,"minecraft:rooted_dirt":1,"minecraft:oak_sapling":3,"minecraft:netherrack":2808,"minecraft:dark_oak_fence":7,"minecraft:diamond_pickaxe":2,"minecraft:cocoa_beans":83,"minecraft:crafting_table":21,"minecraft:sandstone_slab":4,"minecraft:clay_ball":558,"minecraft:leather_leggings":1,"minecraft:pink_wool":5,"minecraft:shield":2,"minecraft:oak_trapdoor":2,"minecraft:moss_carpet":74,"minecraft:iron_axe":10,"minecraft:netherite_scrap":3,"minecraft:iron_shovel":7,"minecraft:blackstone":89,"minecraft:beef":9,"minecraft:chiseled_tuff":29,"minecraft:jungle_sapling":12,"minecraft:spruce_slab":2,"minecraft:minecart":2,"minecraft:sugar_cane":168,"minecraft:chest":23,"minecraft:birch_sapling":1,"minecraft:spruce_trapdoor":6,"minecraft:egg":43,"minecraft:dark_oak_sapling":2,"minecraft:raw_iron":157,"minecraft:sandstone":34,"minecraft:cyan_glazed_terracotta":4,"minecraft:cake":2,"minecraft:carrot":357,"minecraft:redstone":247,"minecraft:netherite_pickaxe":1,"minecraft:dark_oak_planks":1097,"toms_storage:inventory_cable_framed":5,"minecraft:arrow":320,"minecraft:stone_shovel":6,"minecraft:diamond_chestplate":5,"minecraft:beetroot_seeds":15,"minecraft:deepslate_bricks":3175,"minecraft:diamond_boots":4,"minecraft:pink_tulip":6,"minecraft:gold_ingot":41,"minecraft:totem_of_undying":6,"minecraft:glow_berries":67,"minecraft:mutton":8,"minecraft:rail":2,"minecraft:oxeye_daisy":53,"minecraft:netherite_boots":1,"minecraft:golden_carrot":5,"minecraft:glow_ink_sac":38,"minecraft:salmon":3,"minecraft:leather":5,"minecraft:cut_sandstone":65,"minecraft:red_glazed_terracotta":2,"minecraft:oak_log":6,"minecraft:waxed_copper_block":1,"minecraft:ancient_debris":21,"minecraft:yellow_bed":4,"minecraft:wooden_hoe":1,"minecraft:orange_terracotta":1,"minecraft:birch_pressure_plate":2,"minecraft:light_gray_glazed_terracotta":6,"minecraft:warped_stem":19,"minecraft:rabbit_hide":1,"minecraft:spore_blossom":14,"minecraft:iron_ingot":65,"minecraft:stone_pickaxe":20,"minecraft:iron_sword":13,"minecraft:flowering_azalea":149,"minecraft:dark_oak_stairs":15,"minecraft:book":36,"minecraft:dark_oak_slab":58,"minecraft:birch_boat":6,"minecraft:pumpkin":3,"minecraft:sweet_berries":43,"minecraft:red_wool":3,"minecraft:quartz":655,"minecraft:dripstone_block":10,"minecraft:gravel":105,"minecraft:spruce_sapling":113,"minecraft:blast_furnace":2,"minecraft:white_bed":6,"minecraft:spruce_log":382,"minecraft:dark_oak_fence_gate":3,"minecraft:spider_eye":8,"minecraft:spruce_door":2,"minecraft:slime_ball":36,"minecraft:iron_helmet":2,"minecraft:diamond_axe":1,"minecraft:painting":2,"minecraft:cherry_sapling":47,"minecraft:baked_potato":96,"minecraft:stripped_dark_oak_log":8,"minecraft:coal":1625,"minecraft:chiseled_tuff_bricks":4,"minecraft:ender_pearl":1},"minecraft:broken":{"minecraft:iron_shovel":4,"minecraft:stone_pickaxe":2,"minecraft:stone_shovel":4,"minecraft:iron_pickaxe":4},"minecraft:custom":{"minecraft:animals_bred":11,"minecraft:interact_with_crafting_table":213,"minecraft:open_barrel":41,"minecraft:leave_game":35,"minecraft:time_since_death":44412,"minecraft:sprint_one_cm":1432251,"minecraft:damage_blocked_by_shield":7242,"minecraft:drop":260,"minecraft:talked_to_villager":181,"minecraft:play_time":1406886,"minecraft:deaths":44,"minecraft:jump":10996,"minecraft:interact_with_brewingstand":2,"minecraft:walk_on_water_one_cm":337429,"minecraft:interact_with_furnace":72,"minecraft:traded_with_villager":324,"minecraft:sleep_in_bed":30,"minecraft:open_enderchest":13,"minecraft:damage_dealt":25939,"minecraft:crouch_one_cm":39006,"minecraft:interact_with_smoker":14,"minecraft:interact_with_smithing_table":4,"minecraft:interact_with_anvil":15,"minecraft:mob_kills":318,"minecraft:fill_cauldron":1,"minecraft:climb_one_cm":24115,"minecraft:walk_one_cm":4691904,"minecraft:sneak_time":29331,"minecraft:walk_under_water_one_cm":612883,"minecraft:boat_one_cm":939700,"minecraft:interact_with_lectern":1,"minecraft:interact_with_blast_furnace":10,"minecraft:total_world_time":1406886,"minecraft:tune_noteblock":47,"minecraft:pot_flower":5,"minecraft:interact_with_stonecutter":7,"minecraft:time_since_rest":44499,"minecraft:damage_taken":19367,"minecraft:minecart_one_cm":16401,"minecraft:swim_one_cm":385143,"minecraft:fly_one_cm":838548,"minecraft:open_chest":562,"minecraft:fall_one_cm":235463},"minecraft:used":{"minecraft:moss_carpet":26,"minecraft:moss_block":7,"minecraft:cherry_sapling":23,"minecraft:purple_candle":1,"minecraft:iron_shovel":1081,"minecraft:polished_deepslate":61,"minecraft:spruce_slab":2,"minecraft:shield":124,"minecraft:chest":38,"minecraft:iron_sword":215,"minecraft:birch_pressure_plate":4,"minecraft:jungle_planks":56,"minecraft:carrot":99,"minecraft:tuff":1,"minecraft:axolotl_bucket":3,"minecraft:polished_deepslate_stairs":1,"minecraft:big_dripleaf":2,"minecraft:lantern":12,"minecraft:iron_helmet":1,"minecraft:dark_oak_slab":89,"minecraft:pink_wool":1,"minecraft:item_frame":5,"minecraft:netherite_boots":1,"minecraft:warped_fungus":2,"minecraft:oak_sapling":1,"minecraft:furnace":13,"minecraft:beetroot_seeds":6,"minecraft:egg":14,"minecraft:potato":124,"minecraft:dark_oak_stairs":19,"minecraft:oak_planks":64,"minecraft:diamond_boots":1,"minecraft:spruce_door":4,"minecraft:stone_pickaxe":391,"minecraft:dark_oak_sign":3,"minecraft:diamond_axe":186,"minecraft:sandstone":98,"minecraft:dark_oak_trapdoor":16,"minecraft:glow_berries":44,"minecraft:sand":8,"minecraft:blast_furnace":1,"minecraft:netherite_helmet":1,"minecraft:black_bed":1,"minecraft:warped_slab":1,"minecraft:spore_blossom":9,"minecraft:gravel":5,"minecraft:diamond_sword":660,"minecraft:coal_block":49,"minecraft:dark_oak_fence":40,"minecraft:smithing_table":1,"toms_storage:crafting_terminal":1,"minecraft:andesite":11,"minecraft:tropical_fish_bucket":1,"minecraft:bone_meal":77,"minecraft:azalea":2,"minecraft:oak_trapdoor":6,"minecraft:experience_bottle":6,"minecraft:stone_sword":6,"minecraft:tropical_fish":10,"minecraft:armor_stand":4,"minecraft:stone_shovel":613,"minecraft:spruce_planks":20,"minecraft:ender_chest":2,"minecraft:trial_key":1,"minecraft:netherrack":91,"minecraft:torch":417,"minecraft:brewing_stand":1,"minecraft:dirt":320,"minecraft:diamond_helmet":1,"minecraft:dark_oak_planks":275,"minecraft:flowering_azalea":10,"minecraft:bookshelf":12,"minecraft:iron_axe":504,"minecraft:jungle_log":17,"minecraft:iron_boots":1,"minecraft:bamboo":11,"minecraft:diamond_chestplate":1,"minecraft:barrel":15,"minecraft:warped_stairs":4,"minecraft:golden_carrot":4,"minecraft:netherite_pickaxe":2,"minecraft:minecart":2,"minecraft:pumpkin":4,"minecraft:cooked_beef":8,"minecraft:cherry_log":7,"minecraft:orange_terracotta":1,"minecraft:cooked_mutton":16,"minecraft:wheat_seeds":120,"minecraft:water_bucket":29,"minecraft:pink_tulip":2,"minecraft:sandstone_stairs":8,"minecraft:baked_potato":103,"minecraft:birch_boat":6,"minecraft:cut_sandstone":157,"minecraft:cherry_planks":1,"toms_storage:inventory_connector":1,"minecraft:cauldron":1,"minecraft:stonecutter":1,"minecraft:deepslate_bricks":99,"minecraft:warped_roots":2,"minecraft:mossy_cobblestone":6,"minecraft:stripped_dark_oak_log":141,"minecraft:rail":1,"minecraft:dark_oak_fence_gate":2,"minecraft:crafting_table":23,"minecraft:painting":5,"minecraft:red_bed":1,"minecraft:white_bed":6,"minecraft:campfire":2,"minecraft:warped_planks":8,"minecraft:dark_oak_door":10,"minecraft:cake":1,"minecraft:smoker":3,"minecraft:oxeye_daisy":4,"minecraft:wooden_hoe":80,"minecraft:flower_pot":7,"minecraft:diamond_pickaxe":9085,"minecraft:iron_pickaxe":1233,"minecraft:spruce_pressure_plate":3,"minecraft:spruce_trapdoor":48,"minecraft:spruce_sapling":13,"minecraft:pink_petals":65,"minecraft:crimson_fungus":2,"minecraft:cobblestone":217,"additional_lights:fire_for_standing_torch_s":13,"minecraft:bucket":35,"minecraft:cooked_porkchop":13,"minecraft:sandstone_slab":4,"minecraft:yellow_bed":3,"minecraft:diamond_leggings":2,"minecraft:smooth_stone":1},"minecraft:killed_by":{"minecraft:zombified_piglin":1,"minecraft:creeper":4,"minecraft:zombie":18,"minecraft:spider":2,"minecraft:enderman":1,"minecraft:skeleton":8},"minecraft:mined":{"minecraft:spruce_planks":1,"minecraft:white_bed":4,"minecraft:farmland":1,"minecraft:light_blue_concrete":11,"minecraft:cherry_log":46,"minecraft:cobblestone_stairs":1,"minecraft:jungle_leaves":22,"minecraft:spruce_trapdoor":6,"minecraft:cave_vines_plant":32,"minecraft:granite":10,"minecraft:budding_amethyst":7,"minecraft:grass_block":207,"minecraft:jungle_log":13,"minecraft:coal_block":3,"minecraft:deepslate_bricks":1,"minecraft:chiseled_tuff_bricks":4,"minecraft:oxeye_daisy":22,"minecraft:smooth_stone":1,"minecraft:tall_seagrass":1,"minecraft:dark_oak_trapdoor":12,"minecraft:iron_ore":7,"minecraft:barrel":1,"minecraft:polished_tuff":4,"minecraft:moss_carpet":20,"minecraft:pumpkin":3,"minecraft:deepslate_lapis_ore":1,"minecraft:dark_oak_stairs":3,"minecraft:pointed_dripstone":5,"minecraft:iron_bars":2,"minecraft:cave_vines":91,"minecraft:small_amethyst_bud":1,"minecraft:dirt_path":4,"minecraft:oak_stairs":1,"minecraft:polished_tuff_slab":1,"minecraft:spruce_pressure_plate":3,"minecraft:pink_tulip":7,"minecraft:azalea":7,"minecraft:polished_granite_stairs":1,"minecraft:spruce_slab":2,"minecraft:tripwire":1,"minecraft:waxed_cut_copper":5,"minecraft:sandstone_slab":1,"minecraft:gray_terracotta":12,"minecraft:cut_sandstone":42,"minecraft:blackstone":66,"minecraft:polished_deepslate_stairs":5,"minecraft:medium_amethyst_bud":1,"minecraft:orange_terracotta":1,"minecraft:cyan_glazed_terracotta":4,"minecraft:clay":93,"minecraft:torch":24,"minecraft:light_gray_terracotta":15,"minecraft:blast_furnace":1,"minecraft:calcite":10,"minecraft:chest":10,"minecraft:cobblestone":41,"minecraft:nether_quartz_ore":8,"minecraft:sugar_cane":125,"minecraft:grindstone":2,"minecraft:wall_torch":23,"minecraft:amethyst_block":64,"minecraft:deepslate_copper_ore":11,"minecraft:pink_petals":31,"minecraft:seagrass":5,"minecraft:white_terracotta":19,"minecraft:waxed_copper_bulb":2,"minecraft:light_gray_glazed_terracotta":6,"minecraft:dark_oak_slab":31,"minecraft:birch_log":2,"minecraft:wheat":115,"minecraft:waxed_copper_block":24,"minecraft:black_bed":2,"minecraft:oak_log":6,"minecraft:beetroots":6,"minecraft:dark_oak_sapling":2,"minecraft:sand":972,"minecraft:dirt":427,"minecraft:smooth_basalt":5,"minecraft:tripwire_hook":4,"minecraft:netherrack":7954,"minecraft:oak_leaves":1,"minecraft:deepslate":463,"minecraft:yellow_terracotta":1,"minecraft:nether_gold_ore":1,"minecraft:tuff":32,"minecraft:mossy_cobblestone":24,"minecraft:deepslate_diamond_ore":1,"minecraft:cherry_sapling":26,"minecraft:glow_lichen":1,"minecraft:dark_oak_fence":6,"minecraft:decorated_pot":2,"minecraft:calibrated_sculk_sensor":1,"minecraft:redstone_wire":3,"minecraft:spruce_leaves":48,"minecraft:rooted_dirt":2,"minecraft:moss_block":63,"minecraft:sandstone":26,"minecraft:pink_wool":1,"minecraft:large_fern":5,"minecraft:spore_blossom":9,"minecraft:oak_trapdoor":2,"minecraft:spruce_sapling":33,"minecraft:furnace":10,"minecraft:carrots":82,"minecraft:jungle_sapling":5,"minecraft:nether_sprouts":1,"minecraft:red_sandstone":2,"minecraft:waxed_copper_grate":3,"minecraft:andesite":55,"minecraft:green_terracotta":10,"minecraft:dark_oak_fence_gate":2,"minecraft:chiseled_tuff":28,"minecraft:big_dripleaf_stem":7,"minecraft:white_glazed_terracotta":8,"minecraft:bell":1,"minecraft:polished_deepslate":98,"minecraft:bookshelf":11,"minecraft:potatoes":118,"minecraft:deepslate_iron_ore":2,"minecraft:vine":19,"minecraft:cyan_concrete":1,"minecraft:rail":1,"minecraft:warped_stem":22,"minecraft:lantern":1,"minecraft:bamboo_sapling":1,"minecraft:bamboo":8,"minecraft:oxidized_copper_bulb":1,"minecraft:stone":1129,"minecraft:cake":1,"minecraft:ender_chest":1,"minecraft:podzol":15,"minecraft:flowering_azalea":70,"minecraft:cherry_planks":1,"minecraft:glass_pane":1,"minecraft:hanging_roots":4,"minecraft:stripped_dark_oak_log":10,"minecraft:basalt":18,"minecraft:crafting_table":12,"minecraft:short_grass":885,"minecraft:emerald_ore":2,"minecraft:lightning_rod":3,"minecraft:copper_ore":12,"minecraft:tall_grass":25,"minecraft:red_glazed_terracotta":2,"minecraft:lapis_ore":5,"minecraft:deepslate_gold_ore":26,"minecraft:diorite":13,"minecraft:big_dripleaf":11,"minecraft:coarse_dirt":6,"additional_lights:fire_for_standing_torch_s":8,"minecraft:sweet_berry_bush":17,"minecraft:spruce_log":49,"minecraft:yellow_bed":4,"minecraft:coal_ore":153,"minecraft:cocoa":9,"minecraft:flower_pot":1,"minecraft:cherry_leaves":53,"minecraft:gravel":129,"minecraft:dripstone_block":10,"minecraft:cobweb":2,"minecraft:cracked_stone_bricks":1,"minecraft:stone_bricks":2,"minecraft:small_dripleaf":19,"minecraft:chipped_anvil":2,"minecraft:fern":233,"minecraft:dark_oak_planks":100},"minecraft:killed":{"minecraft:zombified_piglin":3,"minecraft:spider":18,"minecraft:cod":1,"minecraft:skeleton":189,"minecraft:tropical_fish":6,"minecraft:piglin":2,"minecraft:pig":6,"minecraft:zombie_villager":2,"minecraft:salmon":4,"minecraft:sheep":7,"minecraft:zombie":54,"minecraft:glow_squid":1,"minecraft:cow":6,"minecraft:slime":1,"minecraft:panda":1,"minecraft:drowned":2,"minecraft:husk":1,"minecraft:squid":1,"minecraft:enderman":1},"minecraft:dropped":{"minecraft:clay":1,"minecraft:iron_sword":3,"minecraft:moss_block":5,"minecraft:birch_planks":11,"minecraft:ender_pearl":1,"minecraft:diamond":74,"minecraft:cooked_porkchop":3,"minecraft:dark_oak_slab":1,"minecraft:netherite_upgrade_smithing_template":6,"minecraft:glow_berries":3,"minecraft:jungle_planks":6,"minecraft:emerald":24,"additional_lights:fire_for_standing_torch_s":2,"minecraft:dark_oak_log":43,"minecraft:netherite_scrap":17,"minecraft:jungle_sapling":2,"minecraft:bone_meal":1,"minecraft:sand":8,"minecraft:iron_pickaxe":3,"minecraft:gold_ingot":57,"minecraft:bone":6,"minecraft:gravel":2,"minecraft:sugar_cane":64,"minecraft:golden_chestplate":1,"minecraft:cobbled_deepslate":17,"minecraft:wheat":1,"minecraft:birch_sapling":1,"minecraft:rotten_flesh":29,"minecraft:grindstone":2,"minecraft:waxed_copper_block":1,"minecraft:carrot":6,"minecraft:rabbit_hide":1,"minecraft:jungle_log":4,"minecraft:leather_boots":1,"minecraft:azalea":1,"minecraft:birch_door":12,"minecraft:chest":2,"minecraft:arrow":19,"minecraft:chiseled_tuff":2,"minecraft:cyan_concrete":3,"minecraft:netherrack":675,"minecraft:iron_ingot":15,"minecraft:water_bucket":2,"minecraft:wheat_seeds":241,"minecraft:golden_helmet":1,"minecraft:diamond_leggings":4,"minecraft:poisonous_potato":2,"minecraft:cobblestone":77,"minecraft:granite":1,"minecraft:tropical_fish":11,"minecraft:coal_block":2,"minecraft:stick":43,"minecraft:golden_carrot":1,"minecraft:ink_sac":2,"minecraft:torch":29,"minecraft:diamond_helmet":2,"minecraft:potion":1,"minecraft:oak_stairs":1,"minecraft:iron_axe":3,"minecraft:chipped_anvil":2,"minecraft:string":3,"minecraft:spruce_sapling":31,"toms_storage:inventory_cable_framed":5,"minecraft:moss_carpet":3,"minecraft:stone_sword":2,"minecraft:raw_copper":185,"minecraft:cocoa_beans":56,"minecraft:tuff":2,"minecraft:stone_shovel":1,"minecraft:clay_ball":64,"minecraft:iron_boots":3,"minecraft:totem_of_undying":3,"minecraft:polished_deepslate_stairs":7,"minecraft:lily_of_the_valley":1,"minecraft:lightning_rod":1,"minecraft:blast_furnace":2,"minecraft:diamond_sword":3,"minecraft:big_dripleaf":8,"minecraft:gray_terracotta":11,"minecraft:shield":2,"minecraft:diamond_chestplate":3,"minecraft:diamond_pickaxe":1,"minecraft:iron_chestplate":4,"minecraft:andesite":2,"minecraft:cake":1,"minecraft:golden_leggings":2,"minecraft:spider_eye":8,"minecraft:diamond_boots":3,"minecraft:spruce_log":1,"minecraft:bow":4,"minecraft:stone_pickaxe":4},"minecraft:crafted":{"minecraft:ender_chest":3,"minecraft:brick":64,"minecraft:smooth_stone":12,"minecraft:oak_planks":80,"minecraft:cobblestone_slab":6,"minecraft:barrel":14,"minecraft:cut_sandstone":120,"minecraft:birch_boat":1,"minecraft:stone":38,"minecraft:bookshelf":12,"minecraft:spruce_pressure_plate":1,"minecraft:cooked_mutton":24,"minecraft:warped_planks":76,"minecraft:dark_oak_door":12,"minecraft:diamond_helmet":2,"minecraft:diamond_leggings":2,"minecraft:bow":1,"minecraft:iron_boots":2,"minecraft:chest":23,"minecraft:birch_door":12,"minecraft:ender_eye":3,"minecraft:flower_pot":6,"minecraft:golden_boots":1,"minecraft:smoker":4,"minecraft:warped_stairs":4,"minecraft:item_frame":5,"minecraft:emerald":300,"minecraft:cauldron":1,"minecraft:cooked_porkchop":10,"minecraft:diamond_axe":1,"minecraft:crafting_table":11,"minecraft:spruce_planks":2520,"minecraft:iron_helmet":2,"minecraft:baked_potato":88,"minecraft:spruce_door":3,"minecraft:birch_pressure_plate":2,"minecraft:smithing_table":1,"minecraft:brewing_stand":1,"minecraft:birch_planks":68,"minecraft:campfire":2,"minecraft:painting":3,"minecraft:spruce_trapdoor":46,"minecraft:dark_oak_slab":156,"minecraft:iron_chestplate":2,"minecraft:wooden_hoe":2,"minecraft:paper":18,"minecraft:diamond_pickaxe":1,"minecraft:golden_leggings":1,"minecraft:shield":4,"minecraft:stone_slab":6,"minecraft:stick":8636,"minecraft:warped_slab":12,"minecraft:iron_ingot":126,"minecraft:iron_pickaxe":5,"toms_storage:crafting_terminal":1,"minecraft:gold_ingot":48,"minecraft:sandstone":211,"minecraft:dark_oak_fence_gate":1,"minecraft:sandstone_stairs":8,"minecraft:cherry_planks":36,"minecraft:stone_shovel":6,"minecraft:smooth_stone_slab":6,"minecraft:golden_chestplate":1,"minecraft:iron_nugget":90,"minecraft:furnace":15,"minecraft:blast_furnace":1,"minecraft:dark_oak_trapdoor":12,"minecraft:dark_oak_sign":6,"minecraft:bone_meal":9,"minecraft:oak_trapdoor":6,"minecraft:lantern":10,"minecraft:dark_oak_fence":36,"minecraft:iron_axe":3,"minecraft:spruce_slab":24,"minecraft:stone_pickaxe":10,"minecraft:diamond_boots":2,"minecraft:netherite_scrap":15,"minecraft:dark_oak_planks":2808,"minecraft:golden_helmet":1,"minecraft:cooked_beef":9,"minecraft:coal_block":50,"toms_storage:storage_terminal":1,"minecraft:diamond_sword":2,"minecraft:dark_oak_stairs":16,"minecraft:iron_sword":3,"minecraft:red_bed":1,"minecraft:cooked_salmon":3,"minecraft:sandstone_slab":6,"minecraft:bucket":8,"minecraft:enchanted_book":12,"minecraft:jungle_planks":112,"minecraft:air":0,"minecraft:iron_shovel":6,"minecraft:iron_leggings":1,"minecraft:stonecutter":1,"minecraft:armor_stand":2,"minecraft:torch":440,"minecraft:diamond_chestplate":2}},"DataVersion":3953}