{"stats":{"minecraft:broken":{"minecraft:diamond_pickaxe":2,"minecraft:iron_axe":10,"minecraft:iron_pickaxe":9,"minecraft:iron_helmet":1,"minecraft:wooden_hoe":1,"minecraft:iron_shovel":5,"minecraft:stone_pickaxe":4,"minecraft:stone_axe":10,"minecraft:wooden_axe":5,"minecraft:stone_shovel":5,"minecraft:golden_axe":1},"minecraft:custom":{"minecraft:interact_with_crafting_table":402,"minecraft:open_barrel":5,"minecraft:bell_ring":28,"minecraft:leave_game":86,"minecraft:time_since_death":0,"minecraft:damage_blocked_by_shield":2430,"minecraft:play_time":3245801,"minecraft:deaths":51,"minecraft:jump":45033,"minecraft:enchant_item":4,"minecraft:interact_with_furnace":344,"minecraft:traded_with_villager":658,"minecraft:sleep_in_bed":80,"minecraft:damage_dealt":50597,"minecraft:interact_with_smoker":106,"minecraft:use_cauldron":6,"minecraft:horse_one_cm":412596,"minecraft:interact_with_smithing_table":11,"minecraft:interact_with_anvil":42,"minecraft:inspect_hopper":138,"minecraft:sneak_time":117590,"minecraft:interact_with_lectern":1,"minecraft:interact_with_blast_furnace":36,"minecraft:total_world_time":3245801,"minecraft:interact_with_stonecutter":38,"minecraft:time_since_rest":3361,"minecraft:swim_one_cm":823157,"minecraft:fly_one_cm":8949293,"minecraft:open_chest":1475,"minecraft:fall_one_cm":1613860,"minecraft:animals_bred":12,"minecraft:damage_resisted":4,"minecraft:sprint_one_cm":7016149,"minecraft:drop":799,"minecraft:talked_to_villager":723,"minecraft:interact_with_brewingstand":13,"minecraft:walk_on_water_one_cm":264436,"minecraft:crouch_one_cm":237857,"minecraft:mob_kills":1737,"minecraft:fill_cauldron":1,"minecraft:climb_one_cm":272711,"minecraft:walk_one_cm":9466994,"minecraft:raid_win":5,"minecraft:walk_under_water_one_cm":1258839,"minecraft:boat_one_cm":1039459,"minecraft:raid_trigger":13,"minecraft:interact_with_grindstone":8,"minecraft:damage_taken":48070,"minecraft:damage_absorbed":80,"minecraft:minecart_one_cm":884},"minecraft:killed_by":{"minecraft:zombie_villager":1,"minecraft:piglin_brute":1,"minecraft:zombie":7,"minecraft:vex":1,"minecraft:wither_skeleton":3,"minecraft:creeper":2,"minecraft:drowned":1,"minecraft:piglin":3,"minecraft:silverfish":1,"minecraft:blaze":2,"minecraft:player":1,"minecraft:enderman":2,"minecraft:iron_golem":1,"minecraft:skeleton":10},"minecraft:killed":{"minecraft:cave_spider":1,"minecraft:skeleton":960,"minecraft:magma_cube":2,"minecraft:salmon":5,"minecraft:iron_golem":2,"minecraft:pillager":266,"minecraft:zombie":61,"minecraft:cow":6,"minecraft:evoker":42,"minecraft:vindicator":196,"minecraft:wandering_trader":1,"minecraft:ravager":3,"minecraft:enderman":1,"minecraft:zombified_piglin":14,"minecraft:witch":55,"minecraft:spider":11,"minecraft:bee":2,"minecraft:silverfish":8,"minecraft:piglin_brute":5,"minecraft:piglin":11,"minecraft:zombie_villager":11,"minecraft:creeper":10,"minecraft:sheep":1,"minecraft:trader_llama":1,"minecraft:ghast":1,"minecraft:blaze":9,"minecraft:vex":1,"minecraft:drowned":13,"minecraft:bat":1,"minecraft:hoglin":2,"minecraft:squid":7,"minecraft:wither_skeleton":7},"minecraft:dropped":{"minecraft:piston":10,"minecraft:ominous_bottle":2,"minecraft:lapis_lazuli":178,"minecraft:glass_bottle":9,"minecraft:diamond":18,"minecraft:crafting_table":3,"minecraft:crossbow":19,"minecraft:glow_berries":8,"minecraft:warped_roots":7,"minecraft:cracked_stone_bricks":2,"minecraft:saddle":2,"minecraft:rail":17,"minecraft:red_mushroom":4,"minecraft:emerald":23,"minecraft:dirt":126,"minecraft:red_bed":1,"minecraft:dark_oak_fence":1,"minecraft:gold_nugget":53,"minecraft:bone_block":32,"minecraft:bone_meal":1,"minecraft:sugar":10,"minecraft:iron_pickaxe":2,"minecraft:dark_oak_planks":5,"minecraft:dark_oak_boat":1,"minecraft:white_wool":1,"minecraft:bone":176,"minecraft:oak_door":1,"minecraft:dark_oak_door":1,"minecraft:stone_axe":1,"minecraft:ancient_debris":6,"minecraft:golden_chestplate":8,"minecraft:cobbled_deepslate":1227,"minecraft:birch_sapling":1,"minecraft:wheat":5,"minecraft:rotten_flesh":57,"minecraft:oak_planks":46,"minecraft:enchanted_golden_apple":1,"minecraft:glowstone_dust":33,"minecraft:white_bed":3,"minecraft:warped_planks":16,"minecraft:jungle_log":1,"minecraft:leather_boots":4,"mcwroofs:spruce_roof":1,"minecraft:leather_leggings":3,"minecraft:spruce_slab":103,"minecraft:beef":9,"minecraft:enchanted_book":2,"minecraft:golden_boots":2,"minecraft:iron_ingot":5,"minecraft:wheat_seeds":57,"minecraft:iron_helmet":2,"minecraft:cobblestone":971,"minecraft:book":2,"minecraft:apple":6,"minecraft:spruce_button":1,"minecraft:deepslate_tile_slab":88,"minecraft:chainmail_helmet":3,"minecraft:coal":9,"minecraft:oxeye_daisy":24,"minecraft:jungle_slab":2,"minecraft:ink_sac":2,"minecraft:wooden_hoe":1,"minecraft:wooden_axe":3,"minecraft:potion":4,"minecraft:white_banner":55,"minecraft:smooth_stone":1,"minecraft:paper":3,"minecraft:string":9,"minecraft:spruce_sapling":75,"minecraft:stone_brick_slab":3,"toms_storage:inventory_cable_framed":1,"minecraft:moss_carpet":4,"minecraft:stone_sword":1,"minecraft:smooth_stone_slab":12,"minecraft:deepslate":72,"minecraft:clay_ball":36,"minecraft:iron_boots":1,"minecraft:nether_bricks":57,"minecraft:spruce_fence":2,"minecraft:diamond_sword":9,"minecraft:big_dripleaf":3,"minecraft:potato":1761,"minecraft:hay_block":9,"minecraft:spruce_boat":2,"minecraft:spruce_trapdoor":6,"minecraft:spruce_planks":68,"minecraft:diamond_pickaxe":2,"minecraft:spider_eye":17,"minecraft:stone_bricks":29,"minecraft:bamboo":34,"minecraft:bow":70,"minecraft:oxidized_copper_door":1,"minecraft:warped_stem":4,"minecraft:moss_block":10,"minecraft:brown_mushroom":5,"minecraft:diamond_axe":1,"minecraft:oak_log":55,"minecraft:baked_potato":2,"minecraft:dark_oak_sapling":1,"minecraft:decorated_pot":1,"minecraft:leather":18,"minecraft:flint":1,"minecraft:spruce_leaves":4,"minecraft:cracked_polished_blackstone_bricks":10,"minecraft:netherite_scrap":5,"minecraft:cooked_cod":1,"minecraft:amethyst_shard":1,"minecraft:polished_blackstone_bricks":29,"minecraft:gold_ingot":9,"minecraft:gravel":299,"minecraft:blackstone":60,"minecraft:honey_bottle":1,"minecraft:carrot":1662,"minecraft:chainmail_chestplate":3,"minecraft:poppy":6,"minecraft:leather_chestplate":3,"minecraft:gunpowder":18,"minecraft:chainmail_boots":3,"minecraft:basalt":6,"minecraft:iron_bars":2,"minecraft:arrow":284,"minecraft:scaffolding":132,"minecraft:quartz":117,"minecraft:netherrack":604,"minecraft:water_bucket":1,"minecraft:stone_hoe":1,"minecraft:bread":69,"minecraft:oak_slab":8,"minecraft:golden_helmet":4,"minecraft:minecart":2,"minecraft:poisonous_potato":17,"minecraft:polished_tuff":2,"minecraft:copper_ingot":3,"minecraft:spruce_stairs":630,"minecraft:grass_block":2,"minecraft:stick":178,"minecraft:diorite":3,"minecraft:torch":1,"minecraft:iron_door":3,"minecraft:map":1,"minecraft:iron_leggings":3,"minecraft:iron_axe":15,"minecraft:smooth_basalt":15,"minecraft:redstone":196,"minecraft:sweet_berries":32,"minecraft:tuff":128,"minecraft:composter":3,"minecraft:comparator":1,"minecraft:totem_of_undying":4,"minecraft:flint_and_steel":1,"minecraft:filled_map":2,"minecraft:shield":1,"minecraft:trial_key":2,"minecraft:diamond_chestplate":1,"minecraft:iron_chestplate":2,"minecraft:andesite":143,"minecraft:golden_leggings":2,"minecraft:oak_sapling":187,"minecraft:golden_sword":2,"minecraft:diamond_boots":2,"minecraft:spruce_log":17,"minecraft:magma_cream":12,"minecraft:calcite":7,"minecraft:nautilus_shell":1,"minecraft:brick":130},"minecraft:crafted":{"minecraft:black_dye":9,"minecraft:smooth_stone":13,"minecraft:blaze_powder":2,"minecraft:chain":14,"minecraft:lever":1,"minecraft:diamond_shovel":1,"minecraft:bookshelf":26,"minecraft:glass":99,"minecraft:diamond_helmet":2,"minecraft:diamond_leggings":2,"minecraft:iron_door":3,"minecraft:golden_axe":5,"minecraft:glass_bottle":3,"minecraft:deepslate":72,"minecraft:emerald":620,"minecraft:cooked_porkchop":26,"minecraft:diamond_axe":1,"minecraft:jungle_boat":1,"minecraft:spruce_door":3,"minecraft:smithing_table":1,"minecraft:fletching_table":3,"minecraft:campfire":19,"minecraft:stone_brick_stairs":10,"minecraft:lectern":17,"minecraft:wooden_hoe":2,"minecraft:golden_leggings":1,"minecraft:stone_slab":6,"minecraft:iron_pickaxe":12,"minecraft:iron_block":6,"minecraft:gold_ingot":143,"minecraft:netherite_ingot":7,"minecraft:composter":5,"sawmill:sawmill":1,"minecraft:stone_shovel":6,"minecraft:smooth_stone_slab":12,"minecraft:iron_nugget":360,"minecraft:bone_meal":1971,"minecraft:white_carpet":12,"minecraft:lantern":21,"minecraft:spruce_stairs":62,"minecraft:ladder":162,"minecraft:spruce_slab":228,"minecraft:stone_pickaxe":9,"minecraft:diamond_boots":2,"minecraft:spruce_boat":3,"minecraft:dark_oak_planks":172,"minecraft:wheat":18,"minecraft:coal_block":351,"minecraft:red_bed":2,"minecraft:enchanted_book":29,"minecraft:jungle_slab":6,"minecraft:golden_apple":10,"minecraft:fermented_spider_eye":1,"minecraft:wooden_axe":10,"minecraft:black_stained_glass_pane":128,"minecraft:iron_shovel":7,"minecraft:iron_leggings":2,"minecraft:armor_stand":1,"minecraft:white_bed":3,"minecraft:grindstone":1,"minecraft:oak_planks":1764,"minecraft:dark_oak_boat":1,"minecraft:lightning_rod":1,"minecraft:stone":184,"minecraft:warped_planks":12,"minecraft:dark_oak_door":3,"minecraft:hopper":18,"minecraft:iron_boots":2,"minecraft:chest":65,"minecraft:netherite_upgrade_smithing_template":10,"minecraft:rail":16,"minecraft:stone_hoe":1,"minecraft:oak_fence":6,"minecraft:stone_bricks":8,"minecraft:smoker":4,"minecraft:oak_slab":42,"minecraft:crafting_table":29,"minecraft:spruce_planks":8848,"minecraft:iron_helmet":2,"minecraft:baked_potato":704,"minecraft:wooden_pickaxe":2,"additional_lights:fire_pit_l_stone_bricks":4,"minecraft:spruce_trapdoor":148,"minecraft:diamond_pickaxe":4,"minecraft:book":4,"minecraft:iron_chestplate":3,"minecraft:paper":12,"minecraft:charcoal":7,"minecraft:shield":2,"minecraft:stick":14914,"minecraft:iron_ingot":345,"minecraft:shears":3,"minecraft:deepslate_tile_slab":42,"minecraft:oak_door":3,"minecraft:coal":2577,"minecraft:spruce_button":1,"minecraft:blast_furnace":2,"minecraft:furnace":11,"minecraft:dark_oak_trapdoor":2,"minecraft:glass_pane":64,"minecraft:oak_trapdoor":4,"minecraft:flint_and_steel":1,"minecraft:scaffolding":128,"minecraft:netherite_chestplate":1,"minecraft:iron_axe":9,"minecraft:netherite_scrap":32,"minecraft:minecart":3,"minecraft:sugar":1,"minecraft:red_dye":4,"minecraft:diamond_sword":2,"minecraft:spruce_sign":15,"minecraft:iron_sword":1,"minecraft:cooked_salmon":5,"minecraft:bucket":3,"minecraft:stone_axe":11,"minecraft:air":0,"minecraft:bread":27,"minecraft:jungle_planks":224,"minecraft:black_stained_glass":72,"minecraft:oak_boat":4,"minecraft:stonecutter":1,"minecraft:anvil":2,"minecraft:torch":1360,"minecraft:diamond_chestplate":1},"minecraft:mined":{"minecraft:dark_oak_planks":2,"minecraft:white_bed":11,"minecraft:jungle_leaves":3,"minecraft:obsidian":3,"minecraft:granite":18,"minecraft:jungle_log":4,"minecraft:deepslate_tile_stairs":12,"minecraft:hopper":2,"minecraft:nether_wart":13,"minecraft:oxeye_daisy":30,"minecraft:spawner":4,"minecraft:polished_blackstone_bricks":32,"minecraft:weeping_vines_plant":2,"minecraft:tall_seagrass":5,"minecraft:magma_block":15,"minecraft:dark_oak_trapdoor":2,"minecraft:cobbled_deepslate":51,"minecraft:fire":13,"minecraft:pumpkin":2,"minecraft:moss_carpet":8,"minecraft:fletching_table":1,"minecraft:deepslate_lapis_ore":3,"minecraft:nether_brick_stairs":1,"minecraft:polished_deepslate_slab":4,"minecraft:water_cauldron":1,"minecraft:dirt_path":45,"minecraft:oak_stairs":1,"minecraft:pink_tulip":1,"minecraft:brown_mushroom":12,"minecraft:red_bed":9,"minecraft:kelp_plant":1,"minecraft:amethyst_cluster":3,"minecraft:deepslate_tile_slab":19,"minecraft:torch":227,"minecraft:dead_bush":1,"minecraft:sugar_cane":20,"minecraft:amethyst_block":1,"minecraft:chain":1,"minecraft:wheat":33,"minecraft:stone_brick_stairs":1,"minecraft:infested_mossy_stone_bricks":1,"minecraft:smooth_basalt":17,"minecraft:stonecutter":2,"minecraft:piston":5,"minecraft:deepslate":7736,"minecraft:infested_deepslate":9,"minecraft:nether_bricks":211,"minecraft:spruce_fence":18,"minecraft:moss_block":52,"minecraft:red_mushroom":4,"minecraft:black_stained_glass_pane":2,"minecraft:jungle_sapling":4,"minecraft:andesite":399,"minecraft:big_dripleaf_stem":3,"minecraft:potatoes":1346,"minecraft:vine":4,"minecraft:rail":236,"minecraft:warped_stem":7,"minecraft:bamboo":38,"minecraft:glass_pane":1,"minecraft:soul_sand":10,"minecraft:short_grass":440,"minecraft:emerald_ore":6,"minecraft:warped_roots":10,"minecraft:lightning_rod":3,"minecraft:tall_grass":80,"minecraft:copper_ore":5,"minecraft:deepslate_gold_ore":7,"minecraft:diorite":11,"minecraft:big_dripleaf":1,"minecraft:warped_wart_block":3,"minecraft:coarse_dirt":3,"additional_lights:fire_for_standing_torch_s":2,"minecraft:spruce_log":163,"minecraft:gravel":287,"minecraft:cobweb":17,"minecraft:stone_bricks":24,"minecraft:deepslate_emerald_ore":9,"minecraft:fern":8,"minecraft:infested_stone":2,"minecraft:large_amethyst_bud":2,"minecraft:spruce_planks":121,"minecraft:oak_sapling":60,"minecraft:farmland":47,"minecraft:brewing_stand":4,"minecraft:spruce_trapdoor":15,"minecraft:cave_vines_plant":2,"minecraft:grass_block":1469,"minecraft:cracked_polished_blackstone_bricks":11,"minecraft:composter":14,"minecraft:glowstone":1,"minecraft:black_carpet":1,"minecraft:pointed_dripstone":1,"minecraft:azalea":3,"minecraft:spruce_slab":29,"minecraft:deepslate_redstone_ore":32,"minecraft:blackstone":277,"minecraft:twisting_vines_plant":1,"minecraft:polished_deepslate_stairs":86,"minecraft:clay":16,"minecraft:calcite":5,"minecraft:poppy":4,"minecraft:chest":50,"minecraft:nether_quartz_ore":266,"minecraft:cobblestone":42,"minecraft:honeycomb_block":3,"minecraft:oak_planks":12,"minecraft:iron_door":1,"minecraft:wall_torch":65,"minecraft:cauldron":2,"minecraft:seagrass":8,"minecraft:warped_nylium":14,"minecraft:dark_oak_door":3,"minecraft:birch_log":4,"minecraft:oak_log":113,"minecraft:sand":100,"minecraft:dirt":916,"minecraft:infested_cracked_stone_bricks":3,"mcwroofs:spruce_roof":2,"minecraft:netherrack":10231,"minecraft:ancient_debris":17,"minecraft:oak_leaves":97,"minecraft:nether_gold_ore":36,"minecraft:tuff":745,"minecraft:deepslate_diamond_ore":9,"minecraft:candle":1,"minecraft:oak_door":2,"minecraft:lever":1,"minecraft:ladder":6,"sawmill:sawmill":2,"minecraft:decorated_pot":57,"minecraft:spruce_leaves":118,"minecraft:large_fern":5,"minecraft:hay_block":11,"minecraft:spore_blossom":1,"minecraft:spruce_sapling":43,"minecraft:furnace":25,"minecraft:carrots":1048,"minecraft:nether_sprouts":4,"minecraft:stripped_spruce_log":330,"minecraft:gold_block":6,"minecraft:bell":2,"minecraft:nether_brick_fence":1,"minecraft:bookshelf":100,"minecraft:deepslate_iron_ore":3,"minecraft:lantern":6,"minecraft:stone":2105,"minecraft:podzol":69,"minecraft:infested_stone_bricks":1,"minecraft:basalt":11,"minecraft:polished_granite":1,"minecraft:oak_fence":9,"minecraft:crafting_table":8,"minecraft:honey_block":2,"minecraft:rose_bush":1,"minecraft:lectern":341,"minecraft:blue_bed":1,"minecraft:spruce_stairs":39,"minecraft:sweet_berry_bush":6,"minecraft:bee_nest":1,"minecraft:coal_ore":16,"minecraft:cracked_stone_bricks":2,"minecraft:polished_andesite":17,"minecraft:small_dripleaf":8,"minecraft:mossy_stone_bricks":3},"minecraft:used":{"minecraft:spruce_slab":189,"minecraft:ladder":148,"minecraft:black_carpet":1,"minecraft:chest":103,"minecraft:rotten_flesh":37,"minecraft:stripped_spruce_log":1109,"minecraft:spruce_boat":7,"minecraft:jungle_sapling":9,"minecraft:honey_block":2,"minecraft:lava_bucket":5,"minecraft:black_stained_glass_pane":114,"minecraft:grass_block":1,"minecraft:birch_sapling":3,"minecraft:stone_brick_stairs":11,"minecraft:bow":45,"minecraft:dark_oak_boat":3,"minecraft:sweet_berries":61,"minecraft:ominous_bottle":13,"minecraft:oak_sapling":123,"minecraft:furnace":25,"minecraft:cooked_cod":1,"minecraft:egg":8,"minecraft:potato":1494,"minecraft:spruce_door":2,"minecraft:blackstone":2,"minecraft:wooden_pickaxe":19,"minecraft:composter":14,"minecraft:jungle_boat":2,"minecraft:oak_leaves":3,"minecraft:golden_apple":4,"minecraft:dark_oak_trapdoor":2,"minecraft:sand":2,"minecraft:blast_furnace":2,"minecraft:netherite_helmet":1,"minecraft:lightning_rod":4,"minecraft:lectern":357,"minecraft:polished_granite":17,"minecraft:diamond_sword":963,"minecraft:smithing_table":1,"minecraft:poisonous_potato":13,"minecraft:oak_boat":4,"minecraft:oak_trapdoor":4,"minecraft:stone_sword":1,"minecraft:armor_stand":1,"minecraft:cooked_salmon":5,"minecraft:netherrack":144,"minecraft:torch":1563,"minecraft:anvil":2,"minecraft:brewing_stand":4,"minecraft:warped_wart_block":2,"minecraft:ancient_debris":4,"minecraft:iron_axe":955,"minecraft:totem_of_undying":14,"minecraft:bamboo":14,"minecraft:diamond_chestplate":1,"minecraft:cobbled_deepslate":320,"minecraft:golden_axe":30,"minecraft:wheat_seeds":34,"minecraft:water_bucket":37,"minecraft:cauldron":3,"minecraft:fletching_table":4,"minecraft:polished_deepslate_slab":117,"minecraft:rail":209,"minecraft:crafting_table":35,"minecraft:oak_slab":12,"minecraft:red_bed":10,"minecraft:white_bed":10,"minecraft:campfire":19,"minecraft:spruce_log":50,"minecraft:deepslate_tile_wall":32,"minecraft:oak_log":502,"minecraft:diamond_pickaxe":19035,"minecraft:oxeye_daisy":2,"minecraft:diamond_shovel":295,"minecraft:iron_pickaxe":2278,"minecraft:spruce_trapdoor":151,"minecraft:spruce_sapling":180,"minecraft:cobblestone":255,"additional_lights:fire_for_standing_torch_s":2,"minecraft:cooked_porkchop":5,"minecraft:glass_pane":62,"minecraft:iron_shovel":1528,"minecraft:decorated_pot":7,"minecraft:shield":31,"minecraft:iron_sword":88,"minecraft:bell":2,"minecraft:iron_chestplate":2,"minecraft:mutton":1,"minecraft:nether_bricks":65,"minecraft:carrot":1226,"minecraft:deepslate_tile_slab":48,"minecraft:tuff":12,"minecraft:axolotl_bucket":1,"minecraft:polished_deepslate_stairs":377,"minecraft:lantern":27,"minecraft:iron_helmet":2,"minecraft:stone_bricks":140,"minecraft:honeycomb_block":3,"minecraft:diamond_boots":1,"minecraft:stone_pickaxe":447,"minecraft:oak_planks":48,"minecraft:ender_pearl":1,"minecraft:diamond_axe":365,"minecraft:blue_bed":1,"minecraft:shears":38,"minecraft:lever":2,"minecraft:firework_rocket":4,"minecraft:bread":57,"mcwroofs:spruce_roof":2,"minecraft:iron_door":1,"minecraft:gravel":12,"additional_lights:fire_pit_l_stone_bricks":4,"minecraft:grindstone":1,"minecraft:andesite":24,"minecraft:chain":15,"minecraft:smooth_stone_slab":5,"minecraft:bone_meal":1796,"minecraft:oak_fence":9,"minecraft:netherite_sword":109,"minecraft:stone_shovel":771,"minecraft:spruce_planks":565,"minecraft:stone_hoe":128,"minecraft:oak_door":5,"minecraft:dirt":1363,"minecraft:spyglass":22,"minecraft:white_carpet":2,"minecraft:hopper":21,"minecraft:spruce_stairs":319,"minecraft:diamond_helmet":1,"minecraft:spruce_fence":132,"minecraft:dark_oak_planks":35,"minecraft:wooden_axe":110,"minecraft:stone_brick_slab":9,"minecraft:bookshelf":9,"minecraft:iron_boots":1,"minecraft:golden_carrot":5,"minecraft:black_stained_glass":24,"minecraft:deepslate_tile_stairs":71,"minecraft:netherite_pickaxe":2249,"minecraft:minecart":27,"minecraft:cooked_beef":3,"minecraft:enchanted_golden_apple":1,"minecraft:iron_leggings":1,"minecraft:cooked_mutton":4,"minecraft:glass_bottle":3,"minecraft:polished_andesite":90,"minecraft:baked_potato":622,"minecraft:spruce_sign":15,"minecraft:stonecutter":3,"minecraft:warped_roots":1,"minecraft:spider_eye":2,"minecraft:dark_oak_door":4,"minecraft:smoker":4,"minecraft:piston":6,"minecraft:wooden_hoe":111,"minecraft:apple":30,"sawmill:sawmill":3,"minecraft:map":3,"minecraft:stone_axe":258,"minecraft:white_banner":1,"minecraft:bucket":45,"minecraft:splash_potion":3},"minecraft:picked_up":{"minecraft:wooden_axe":3,"minecraft:iron_chestplate":20,"minecraft:chainmail_boots":2,"minecraft:lead":9,"minecraft:stone_slab":10,"minecraft:diamond_sword":21,"minecraft:enchanted_book":4,"minecraft:brewing_stand":5,"minecraft:golden_sword":3,"minecraft:amethyst_block":12,"minecraft:string":54,"minecraft:dark_oak_trapdoor":3,"minecraft:beetroot":10,"minecraft:diamond_leggings":8,"minecraft:gold_nugget":308,"minecraft:cobbled_deepslate":5040,"minecraft:spruce_planks":1217,"minecraft:trial_key":2,"minecraft:netherite_upgrade_smithing_template":2,"minecraft:enchanted_golden_apple":4,"minecraft:coal_block":12,"minecraft:dark_oak_door":3,"minecraft:golden_helmet":1,"minecraft:composter":14,"minecraft:big_dripleaf":3,"minecraft:golden_axe":7,"minecraft:lightning_rod":3,"minecraft:honeycomb_block":3,"minecraft:warped_planks":8,"minecraft:deepslate_tile_stairs":155,"minecraft:golden_chestplate":7,"minecraft:cauldron":4,"minecraft:honey_bottle":4,"minecraft:stone_sword":1,"minecraft:blaze_rod":8,"minecraft:iron_bars":4,"minecraft:birch_log":15,"minecraft:magma_block":15,"minecraft:iron_door":1,"minecraft:water_bucket":1,"minecraft:jungle_log":117,"minecraft:dark_oak_boat":3,"minecraft:flint":184,"additional_lights:fire_for_standing_torch_s":2,"minecraft:map":4,"minecraft:lantern":24,"minecraft:twisting_vines":6,"minecraft:stonecutter":3,"minecraft:diamond_helmet":7,"minecraft:glowstone_dust":9,"minecraft:moss_block":84,"minecraft:warped_wart_block":3,"minecraft:stripped_spruce_log":538,"minecraft:ink_sac":29,"minecraft:dark_oak_log":82,"minecraft:polished_andesite":29,"minecraft:lever":1,"minecraft:granite":24,"minecraft:chainmail_helmet":2,"minecraft:bread":103,"minecraft:dark_oak_fence":3,"minecraft:diamond_pickaxe":14,"minecraft:spruce_leaves":70,"minecraft:crafting_table":9,"minecraft:coarse_dirt":3,"minecraft:ominous_bottle":14,"minecraft:nether_wart":40,"minecraft:clay_ball":96,"minecraft:red_bed":9,"minecraft:flint_and_steel":4,"minecraft:iron_shovel":9,"minecraft:glass_pane":62,"minecraft:cracked_stone_bricks":2,"minecraft:beef":9,"sawmill:sawmill":3,"minecraft:poppy":10,"minecraft:jungle_sapling":9,"minecraft:iron_nugget":60,"minecraft:spruce_slab":156,"minecraft:minecart":28,"minecraft:chest":57,"minecraft:birch_sapling":4,"minecraft:piston":16,"minecraft:egg":26,"minecraft:black_stained_glass":24,"minecraft:polished_deepslate_slab":87,"minecraft:oak_door":6,"minecraft:spruce_fence":100,"minecraft:carrot":4531,"minecraft:redstone":494,"toms_storage:inventory_cable_framed":1,"minecraft:stone_shovel":2,"minecraft:diamond_chestplate":10,"minecraft:cooked_cod":2,"minecraft:decorated_pot":11,"minecraft:beetroot_seeds":4,"minecraft:shears":4,"minecraft:diamond_boots":10,"minecraft:hay_block":82,"minecraft:gold_ingot":87,"minecraft:totem_of_undying":18,"minecraft:glow_berries":24,"minecraft:mutton":2,"minecraft:white_wool":25,"minecraft:rail":304,"minecraft:oxeye_daisy":138,"minecraft:red_mushroom":12,"minecraft:filled_map":4,"minecraft:oak_log":1191,"minecraft:ancient_debris":42,"minecraft:golden_boots":1,"minecraft:blue_bed":1,"minecraft:paper":9,"minecraft:white_banner":24,"minecraft:apple":145,"minecraft:stone_bricks":146,"minecraft:warped_stem":7,"minecraft:stone_pickaxe":11,"minecraft:glass_bottle":5,"minecraft:iron_sword":8,"minecraft:smooth_basalt":15,"minecraft:sweet_berries":117,"minecraft:red_wool":8,"minecraft:spyglass":1,"minecraft:gravel":511,"minecraft:spruce_sapling":358,"minecraft:spruce_log":3454,"minecraft:polished_tuff":2,"minecraft:diamond_shovel":1,"minecraft:slime_ball":96,"minecraft:stone_axe":8,"minecraft:diamond_axe":4,"minecraft:warped_roots":11,"minecraft:baked_potato":298,"minecraft:warped_nylium":1,"minecraft:hopper":2,"minecraft:ender_pearl":1,"minecraft:wheat":157,"minecraft:potion":6,"minecraft:gilded_blackstone":5,"minecraft:stone_brick_stairs":1,"minecraft:raw_copper":16,"minecraft:smooth_stone_slab":6,"minecraft:iron_leggings":13,"minecraft:comparator":1,"minecraft:bucket":18,"minecraft:calcite":7,"minecraft:azalea":1,"minecraft:iron_pickaxe":18,"minecraft:iron_boots":13,"minecraft:furnace":30,"minecraft:stick":1292,"minecraft:polished_deepslate_stairs":269,"minecraft:oak_fence":8,"minecraft:torch":1339,"minecraft:spruce_stairs":325,"minecraft:porkchop":52,"minecraft:pointed_dripstone":4,"minecraft:diorite":21,"minecraft:rotten_flesh":149,"minecraft:deepslate_brick_stairs":5,"minecraft:obsidian":3,"minecraft:blaze_powder":1,"minecraft:cobblestone":3364,"minecraft:nautilus_shell":2,"minecraft:leather_chestplate":3,"minecraft:magma_cream":12,"minecraft:andesite":694,"minecraft:potato":5600,"minecraft:tuff":595,"minecraft:lapis_lazuli":439,"minecraft:oxidized_copper_door":1,"minecraft:dirt":4754,"minecraft:polished_granite":1,"minecraft:name_tag":1,"minecraft:leather_boots":4,"minecraft:bone":500,"minecraft:bow":49,"minecraft:wheat_seeds":224,"minecraft:raw_gold":92,"minecraft:bell":2,"minecraft:mossy_stone_bricks":1,"minecraft:fletching_table":1,"minecraft:bamboo":230,"minecraft:oak_planks":267,"minecraft:stone_hoe":2,"minecraft:cooked_porkchop":24,"minecraft:axolotl_bucket":3,"minecraft:poisonous_potato":30,"minecraft:black_stained_glass_pane":96,"minecraft:sand":101,"minecraft:nether_brick_stairs":1,"minecraft:grass_block":3,"minecraft:sugar":4,"minecraft:diamond":147,"minecraft:spruce_boat":6,"minecraft:cracked_polished_blackstone_bricks":30,"minecraft:crossbow":7,"mcwroofs:spruce_roof":5,"minecraft:golden_apple":19,"minecraft:spruce_sign":9,"minecraft:emerald":223,"minecraft:piglin_banner_pattern":1,"minecraft:oak_sapling":561,"minecraft:netherrack":1927,"minecraft:oak_leaves":3,"minecraft:ladder":159,"minecraft:brown_mushroom":43,"minecraft:wooden_pickaxe":6,"minecraft:gold_block":6,"minecraft:chain":99,"minecraft:brick":226,"minecraft:shield":5,"minecraft:moss_carpet":38,"minecraft:iron_axe":17,"minecraft:blackstone":243,"minecraft:candle":20,"minecraft:lectern":340,"minecraft:sugar_cane":91,"minecraft:spruce_trapdoor":56,"minecraft:dark_oak_sapling":1,"minecraft:raw_iron":785,"minecraft:copper_ingot":5,"minecraft:polished_blackstone_bricks":86,"minecraft:dark_oak_planks":3,"minecraft:arrow":526,"minecraft:nether_bricks":330,"minecraft:saddle":8,"minecraft:jungle_boat":2,"minecraft:basalt":28,"minecraft:salmon":5,"minecraft:leather":96,"minecraft:chainmail_chestplate":4,"minecraft:gunpowder":43,"minecraft:wooden_hoe":5,"minecraft:deepslate_tile_slab":151,"minecraft:iron_ingot":115,"minecraft:soul_sand":10,"minecraft:book":414,"minecraft:scaffolding":4,"minecraft:oak_slab":6,"minecraft:pumpkin":6,"minecraft:stone_brick_slab":6,"minecraft:quartz":349,"minecraft:lava_bucket":1,"xp_storage:xp_book":2,"minecraft:amethyst_shard":48,"minecraft:white_bed":15,"minecraft:spider_eye":12,"minecraft:campfire":12,"minecraft:honey_block":2,"minecraft:iron_helmet":16,"minecraft:coal":6018}},"DataVersion":3953}