{"stats":{"minecraft:picked_up":{"minecraft:wooden_axe":2,"minecraft:iron_chestplate":14,"minecraft:chainmail_boots":1,"minecraft:flower_pot":6,"minecraft:lead":17,"minecraft:stone_slab":40,"minecraft:diamond_sword":9,"minecraft:oak_stairs":24,"minecraft:enchanted_book":15,"minecraft:golden_sword":7,"minecraft:amethyst_block":58,"minecraft:string":267,"minecraft:dark_oak_trapdoor":3,"minecraft:cooked_salmon":1,"minecraft:shroomlight":39,"minecraft:beetroot":33,"minecraft:diamond_leggings":3,"minecraft:gold_nugget":962,"minecraft:cobbled_deepslate":4110,"minecraft:spruce_planks":738,"minecraft:trial_key":5,"mcwbridges:bridge_torch":2,"minecraft:netherite_upgrade_smithing_template":7,"minecraft:coal_block":12,"minecraft:dark_oak_door":2,"minecraft:golden_helmet":2,"minecraft:spruce_pressure_plate":2,"minecraft:beehive":2,"minecraft:big_dripleaf":32,"minecraft:golden_axe":2,"minecraft:lightning_rod":3,"minecraft:cherry_log":38,"minecraft:waxed_copper_grate":19,"minecraft:golden_chestplate":1,"minecraft:stone_sword":1,"minecraft:honey_bottle":1,"minecraft:tropical_fish":39,"minecraft:carved_pumpkin":2,"minecraft:blaze_rod":3,"minecraft:snowball":8,"mcwtrpdoors:spruce_ranch_trapdoor":2,"minecraft:birch_log":6,"minecraft:magma_block":31,"minecraft:feather":17,"minecraft:cooked_beef":10,"minecraft:iron_door":3,"minecraft:water_bucket":5,"minecraft:smoker":4,"minecraft:flint":218,"additional_lights:fire_for_standing_torch_s":2,"minecraft:map":2,"minecraft:lantern":5,"minecraft:twisting_vines":3,"minecraft:stonecutter":1,"minecraft:dark_oak_sign":6,"minecraft:rabbit":2,"minecraft:diamond_helmet":5,"minecraft:glowstone_dust":61,"minecraft:moss_block":130,"minecraft:honeycomb":9,"mcwroofs:spruce_lower_roof":62,"minecraft:warped_wart_block":1019,"minecraft:dropper":2,"minecraft:stripped_spruce_log":162,"minecraft:ink_sac":4,"minecraft:loom":1,"minecraft:dark_oak_log":328,"minecraft:barrel":14,"minecraft:iron_hoe":6,"minecraft:snout_armor_trim_smithing_template":3,"minecraft:deepslate":1216,"minecraft:lever":4,"minecraft:granite":81,"minecraft:bread":82,"minecraft:dark_oak_fence":25,"minecraft:bricks":67,"minecraft:ominous_trial_key":4,"minecraft:crimson_roots":1,"minecraft:diamond_pickaxe":13,"minecraft:crafting_table":13,"minecraft:coarse_dirt":56,"minecraft:ominous_bottle":15,"minecraft:nether_wart":46,"minecraft:clay_ball":1302,"minecraft:golden_pickaxe":1,"mcwbridges:spruce_log_bridge_stair":34,"minecraft:music_disc_creator":2,"minecraft:wind_charge":48,"minecraft:cornflower":5,"minecraft:flow_banner_pattern":2,"minecraft:flint_and_steel":3,"minecraft:netherite_scrap":21,"minecraft:white_carpet":2,"minecraft:iron_shovel":7,"minecraft:glass_pane":42,"minecraft:cracked_stone_bricks":1,"minecraft:netherite_sword":1,"minecraft:beef":32,"sawmill:sawmill":9,"minecraft:chiseled_tuff":2,"mcwroofs:roofing_hammer":1,"minecraft:iron_nugget":98,"minecraft:poppy":32,"minecraft:spruce_slab":80,"minecraft:minecart":12,"minecraft:chest":53,"minecraft:birch_sapling":3,"minecraft:waxed_oxidized_copper":17,"minecraft:egg":84,"minecraft:stone":3,"minecraft:oak_door":1,"minecraft:spruce_fence":46,"minecraft:fire_charge":32,"minecraft:flow_pottery_sherd":1,"mcwroofs:spruce_attic_roof":8,"minecraft:carrot":3958,"minecraft:redstone":1226,"minecraft:netherite_pickaxe":1,"toms_storage:inventory_cable_framed":33,"minecraft:stone_shovel":3,"minecraft:diamond_chestplate":7,"minecraft:beetroot_seeds":143,"minecraft:decorated_pot":16,"minecraft:deepslate_bricks":1152,"minecraft:shears":2,"minecraft:diamond_boots":5,"minecraft:hay_block":63,"mcwwindows:spruce_shutter":1,"minecraft:gold_ingot":135,"minecraft:totem_of_undying":18,"mcwroofs:spruce_steep_roof":66,"minecraft:tuff_bricks":39,"minecraft:glow_berries":21,"minecraft:mutton":56,"minecraft:white_wool":44,"minecraft:bone_block":150,"minecraft:rail":185,"minecraft:oxeye_daisy":141,"minecraft:stripped_oak_log":2,"minecraft:red_mushroom":42,"minecraft:oak_log":318,"minecraft:ancient_debris":98,"minecraft:golden_boots":1,"minecraft:paper":1,"minecraft:white_banner":43,"minecraft:birch_pressure_plate":2,"mcwwindows:red_curtain":1,"minecraft:apple":15,"minecraft:stone_bricks":140,"minecraft:kelp":299,"minecraft:warped_stem":305,"minecraft:spore_blossom":1,"minecraft:oak_fence_gate":1,"minecraft:stone_pickaxe":5,"minecraft:glass_bottle":11,"mcwroofs:spruce_planks_steep_roof":6,"minecraft:iron_sword":12,"mcwroofs:spruce_upper_lower_roof":65,"minecraft:flowering_azalea":1,"minecraft:dark_oak_stairs":38,"minecraft:smooth_basalt":23,"minecraft:dark_oak_slab":63,"minecraft:sweet_berries":30,"minecraft:red_wool":4,"minecraft:spyglass":2,"minecraft:gravel":1038,"toms_storage:inventory_cable_connector_framed":4,"minecraft:spruce_sapling":444,"mcwbridges:spruce_rope_bridge_stair":4,"minecraft:spruce_log":3367,"minecraft:crying_obsidian":41,"minecraft:polished_tuff":9,"minecraft:firework_rocket":4,"minecraft:slime_ball":185,"mcwwindows:spruce_louvered_shutter":7,"minecraft:diamond_axe":6,"minecraft:gray_wool":2,"minecraft:warped_roots":51,"minecraft:baked_potato":221,"minecraft:melon_seeds":1,"minecraft:warped_nylium":5,"minecraft:crimson_nylium":1,"minecraft:hopper":14,"minecraft:ender_pearl":45,"toms_storage:storage_terminal":1,"minecraft:wheat":297,"minecraft:potion":6,"minecraft:gilded_blackstone":15,"minecraft:nether_brick":52,"minecraft:stone_brick_stairs":57,"minecraft:waxed_cut_copper_slab":1,"minecraft:raw_copper":294,"minecraft:smooth_stone_slab":5,"minecraft:iron_leggings":9,"toms_storage:inventory_cable":7,"toms_storage:inventory_cable_connector":4,"minecraft:sea_pickle":2,"minecraft:bucket":6,"mcwroofs:red_striped_awning":11,"minecraft:redstone_torch":6,"minecraft:calcite":20,"minecraft:azalea":3,"minecraft:iron_pickaxe":10,"minecraft:iron_boots":8,"minecraft:furnace":4,"minecraft:tipped_arrow":13,"minecraft:stick":653,"minecraft:deepslate_brick_wall":26,"minecraft:oak_fence":2,"minecraft:torch":731,"minecraft:spruce_stairs":66,"minecraft:porkchop":190,"minecraft:pointed_dripstone":15,"minecraft:diorite":92,"toms_storage:inventory_connector":1,"toms_storage:trim":20,"minecraft:cactus":3,"minecraft:rotten_flesh":336,"minecraft:spruce_hanging_sign":3,"minecraft:deepslate_brick_stairs":12,"minecraft:obsidian":95,"minecraft:cod":2,"minecraft:cobblestone":1605,"minecraft:nautilus_shell":1,"minecraft:enchanting_table":1,"minecraft:pink_petals":48,"minecraft:leather_chestplate":1,"minecraft:magma_cream":8,"minecraft:andesite":57,"minecraft:black_bed":4,"minecraft:potato":4286,"minecraft:tuff":160,"minecraft:light_gray_dye":124,"minecraft:lapis_lazuli":461,"minecraft:dirt":1163,"minecraft:leather_boots":1,"minecraft:glass":60,"minecraft:bone":212,"mcwdoors:birch_barn_door":2,"minecraft:bow":15,"minecraft:wheat_seeds":1036,"minecraft:small_dripleaf":2,"minecraft:raw_gold":114,"minecraft:bell":1,"minecraft:grindstone":1,"toms_storage:basic_inventory_hopper":10,"minecraft:powered_rail":19,"minecraft:oak_planks":34,"minecraft:scrape_pottery_sherd":2,"minecraft:cooked_porkchop":42,"minecraft:axolotl_bucket":1,"minecraft:poisonous_potato":15,"minecraft:waxed_chiseled_copper":2,"minecraft:sand":84,"minecraft:nether_brick_stairs":1,"minecraft:grass_block":195,"minecraft:warped_fence_gate":4,"minecraft:spectral_arrow":122,"minecraft:mossy_cobblestone":69,"mcwwindows:spruce_plank_parapet":1,"minecraft:spruce_fence_gate":19,"mcwpaths:spruce_planks_path":54,"minecraft:sugar":6,"minecraft:clay":1,"minecraft:diamond":262,"minecraft:spruce_boat":9,"minecraft:netherite_helmet":3,"minecraft:cracked_polished_blackstone_bricks":20,"mcwroofs:spruce_roof":63,"minecraft:crossbow":27,"minecraft:breeze_rod":12,"minecraft:bone_meal":10,"minecraft:golden_apple":6,"minecraft:emerald":197,"minecraft:piglin_banner_pattern":2,"minecraft:oak_sapling":147,"minecraft:netherrack":5308,"minecraft:oak_leaves":135,"mcwroofs:spruce_top_roof":10,"minecraft:charcoal":8,"minecraft:allium":31,"minecraft:azure_bluet":3,"minecraft:splash_potion":4,"minecraft:chicken":5,"minecraft:brown_mushroom":12,"minecraft:wooden_pickaxe":1,"minecraft:pink_wool":6,"minecraft:stone_brick_wall":1,"minecraft:gold_block":6,"minecraft:chain":29,"minecraft:brick":47,"minecraft:shield":8,"minecraft:oak_trapdoor":4,"minecraft:moss_carpet":38,"minecraft:iron_axe":17,"minecraft:birch_fence":2,"minecraft:blackstone":799,"minecraft:candle":28,"minecraft:light_gray_wool":12,"minecraft:lectern":2,"minecraft:sugar_cane":234,"minecraft:spruce_trapdoor":63,"minecraft:dark_oak_sapling":6,"minecraft:raw_iron":640,"minecraft:bamboo_hanging_sign":4,"mcwwindows:spruce_curtain_rod":5,"minecraft:copper_ingot":3,"minecraft:recovery_compass":2,"minecraft:polished_blackstone_bricks":29,"minecraft:stone_button":3,"minecraft:trident":1,"minecraft:stone_pressure_plate":2,"minecraft:dark_oak_planks":59,"xp_storage:crystallized_lapis":1,"minecraft:arrow":546,"minecraft:nether_bricks":62,"minecraft:pink_tulip":6,"minecraft:saddle":1,"minecraft:brick_stairs":3,"minecraft:basalt":10,"minecraft:golden_carrot":10,"toms_storage:item_filter":9,"minecraft:glow_ink_sac":12,"minecraft:salmon":6,"minecraft:leather":289,"mcwbridges:spruce_bridge_pier":38,"minecraft:birch_planks":4,"minecraft:crimson_fungus":1,"minecraft:waxed_copper_block":8,"minecraft:cobblestone_wall":13,"minecraft:gunpowder":33,"minecraft:cobblestone_stairs":20,"minecraft:cooked_mutton":65,"minecraft:rabbit_hide":4,"minecraft:iron_ingot":30,"minecraft:cooked_chicken":8,"mcwdoors:spruce_barn_door":8,"minecraft:soul_sand":99,"minecraft:book":128,"minecraft:scaffolding":137,"minecraft:warped_fungus":12,"minecraft:emerald_block":1,"minecraft:pumpkin":12,"minecraft:stone_brick_slab":4,"minecraft:quartz":658,"minecraft:dandelion":4,"minecraft:dripstone_block":12,"minecraft:lava_bucket":2,"xp_storage:xp_book":1,"minecraft:amethyst_shard":27,"minecraft:red_banner":10,"minecraft:blast_furnace":1,"minecraft:white_bed":8,"minecraft:spruce_door":5,"minecraft:spider_eye":56,"minecraft:pumpkin_seeds":17,"minecraft:honey_block":1,"minecraft:iron_helmet":10,"minecraft:cherry_sapling":21,"minecraft:coal":4105,"minecraft:chiseled_tuff_bricks":2,"minecraft:sunflower":7},"minecraft:broken":{"minecraft:iron_boots":1,"minecraft:iron_chestplate":1,"minecraft:iron_leggings":1,"minecraft:diamond_pickaxe":2,"minecraft:iron_sword":1,"minecraft:netherite_leggings":1,"minecraft:iron_hoe":1,"minecraft:iron_axe":9,"minecraft:iron_pickaxe":6,"minecraft:iron_helmet":1,"minecraft:iron_shovel":2,"minecraft:wooden_axe":1,"minecraft:stone_shovel":2,"minecraft:golden_axe":1,"minecraft:golden_pickaxe":1},"minecraft:custom":{"minecraft:interact_with_crafting_table":214,"minecraft:open_barrel":90,"minecraft:bell_ring":29,"minecraft:leave_game":71,"minecraft:time_since_death":829721,"minecraft:damage_blocked_by_shield":3402,"minecraft:play_time":4485811,"minecraft:deaths":30,"minecraft:jump":26695,"minecraft:enchant_item":17,"minecraft:interact_with_furnace":228,"minecraft:traded_with_villager":244,"minecraft:sleep_in_bed":106,"minecraft:damage_dealt":156554,"minecraft:interact_with_smoker":101,"minecraft:inspect_dispenser":9,"minecraft:use_cauldron":17,"minecraft:interact_with_smithing_table":12,"minecraft:inspect_dropper":1,"minecraft:interact_with_anvil":48,"minecraft:inspect_hopper":137,"minecraft:sneak_time":217156,"minecraft:interact_with_blast_furnace":99,"minecraft:total_world_time":4485811,"minecraft:interact_with_stonecutter":96,"minecraft:time_since_rest":83410,"minecraft:swim_one_cm":369183,"minecraft:fly_one_cm":6413704,"minecraft:open_chest":2571,"minecraft:fall_one_cm":645891,"minecraft:animals_bred":53,"minecraft:sprint_one_cm":6197624,"minecraft:drop":1344,"minecraft:talked_to_villager":122,"minecraft:interact_with_brewingstand":7,"minecraft:walk_on_water_one_cm":238278,"minecraft:interact_with_loom":2,"minecraft:open_enderchest":14,"minecraft:player_kills":1,"minecraft:crouch_one_cm":467452,"minecraft:mob_kills":1450,"minecraft:fill_cauldron":1,"minecraft:climb_one_cm":81771,"minecraft:walk_one_cm":9343215,"minecraft:raid_win":3,"minecraft:walk_under_water_one_cm":860277,"minecraft:boat_one_cm":132291,"minecraft:raid_trigger":5,"minecraft:pot_flower":6,"minecraft:interact_with_grindstone":30,"minecraft:damage_taken":51437,"minecraft:damage_absorbed":132,"minecraft:minecart_one_cm":84639},"minecraft:used":{"minecraft:beetroot":2,"minecraft:tuff_bricks":11,"mcwbridges:stone_brick_bridge":2,"additional_lights:standing_torch_s_stone_bricks":2,"mcwpaths:andesite_flagstone_path":4,"minecraft:chiseled_tuff":2,"minecraft:spruce_slab":111,"minecraft:ladder":24,"minecraft:poppy":64,"minecraft:black_carpet":2,"minecraft:chest":245,"mcwtrpdoors:spruce_beach_trapdoor":1,"minecraft:stone":55,"minecraft:warped_sign":4,"minecraft:farmland":13,"minecraft:rotten_flesh":3,"mcwtrpdoors:spruce_mystic_trapdoor":2,"minecraft:lily_of_the_valley":4,"minecraft:soul_sand":6,"toms_storage:inventory_cable_connector_framed":8,"mcwdoors:iron_portcullis":33,"mcwdoors:wooden_portcullis":10,"minecraft:azure_bluet":1,"minecraft:stripped_spruce_log":1489,"mcwpaths:andesite_dumble_paving":2,"minecraft:spruce_boat":17,"minecraft:honey_block":1,"minecraft:lava_bucket":309,"minecraft:grass_block":607,"minecraft:villager_spawn_egg":1,"minecraft:black_stained_glass_pane":24,"minecraft:red_wool":9,"additional_lights:al_torch_dark_oak_planks":4,"minecraft:polished_andesite_stairs":18,"minecraft:dark_oak_slab":252,"toms_storage:inventory_cable":51,"minecraft:stone_brick_stairs":43,"mcwwindows:spruce_blinds":8,"minecraft:bow":204,"minecraft:sweet_berries":6,"minecraft:ominous_bottle":6,"minecraft:furnace":14,"minecraft:oak_sapling":20,"minecraft:cooked_cod":3,"toms_storage:open_crate":5,"minecraft:egg":3,"mcwdoors:spruce_stable_door":2,"minecraft:potato":651,"additional_lights:fire_for_fire_pit_s":2,"mcwwindows:spruce_log_parapet":18,"mcwdoors:spruce_paper_door":2,"minecraft:spruce_door":7,"mcwroofs:dark_oak_planks_upper_steep_roof":110,"minecraft:copper_door":1,"minecraft:brick_wall":8,"minecraft:powered_rail":86,"minecraft:blackstone":203,"minecraft:cactus":2,"minecraft:wooden_pickaxe":19,"mcwpaths:andesite_windmill_weave_path":4,"minecraft:composter":3,"mcwdoors:spruce_barn_door":10,"minecraft:clay":1,"mcwroofs:spruce_steep_roof":51,"minecraft:oak_leaves":58,"mcwroofs:dark_oak_planks_upper_lower_roof":260,"minecraft:golden_apple":2,"minecraft:glow_berries":1,"minecraft:dark_oak_trapdoor":47,"minecraft:sand":34,"mcwdoors:spruce_japanese_door":2,"additional_lights:standing_torch_l_red_nether_bricks":1,"minecraft:blast_furnace":9,"mcwtrpdoors:oak_swamp_trapdoor":2,"additional_lights:standing_torch_l_stone_bricks":1,"minecraft:lightning_rod":5,"mcwroofs:dark_oak_planks_top_roof":98,"mcwdoors:spruce_modern_door":2,"mcwroofs:spruce_lower_roof":78,"minecraft:stone_button":4,"minecraft:lectern":2,"minecraft:polished_granite":10,"mcwpaths:andesite_basket_weave_paving":10,"mcwwindows:spruce_plank_parapet":8,"minecraft:polished_andesite_slab":15,"minecraft:diamond_sword":621,"mcwwindows:dark_oak_window":4,"mcwpaths:mud_brick_running_bond":1,"minecraft:smithing_table":1,"mcwdoors:spruce_classic_door":2,"minecraft:dark_oak_fence":60,"toms_storage:crafting_terminal":4,"mcwdoors:spruce_four_panel_door":2,"minecraft:oak_trapdoor":14,"mcwroofs:dark_oak_planks_roof":1033,"minecraft:iron_bars":5,"minecraft:enchanting_table":2,"minecraft:carved_pumpkin":2,"minecraft:armor_stand":3,"minecraft:light_gray_carpet":10,"minecraft:cooked_salmon":4,"additional_lights:al_lamp_dark_oak_planks":2,"minecraft:trial_key":1,"minecraft:torch":1027,"minecraft:netherrack":1171,"minecraft:brewing_stand":1,"minecraft:anvil":4,"minecraft:warped_wart_block":306,"minecraft:ancient_debris":2,"toms_storage:inventory_cable_connector":23,"minecraft:oak_fence_gate":3,"minecraft:shroomlight":8,"minecraft:brick_stairs":7,"minecraft:iron_block":8,"mcwwindows:spruce_window":11,"minecraft:iron_axe":1416,"mcwbridges:oak_rail_bridge":23,"minecraft:spruce_button":1,"mcwdoors:warped_glass_door":2,"additional_lights:fire_pit_l_cobblestone":4,"mcwbridges:rope_spruce_bridge":11,"minecraft:totem_of_undying":6,"minecraft:barrel":53,"minecraft:melon_seeds":9,"additional_lights:fire_pit_s_stone_bricks":3,"minecraft:diamond_chestplate":1,"minecraft:glowstone":1,"mcwroofs:dark_oak_planks_steep_roof":112,"minecraft:iron_trapdoor":2,"minecraft:podzol":2,"minecraft:pointed_dripstone":2,"minecraft:cobbled_deepslate":98,"minecraft:golden_axe":33,"additional_lights:standing_torch_l_polished_andesite":7,"mcwbridges:rope_oak_bridge":57,"additional_lights:standing_torch_s_polished_andesite":3,"minecraft:wheat_seeds":518,"minecraft:water_bucket":42,"minecraft:warped_stem":120,"mcwbridges:nether_bricks_bridge":5,"mcwdoors:metal_door":4,"minecraft:birch_planks":2,"mcwpaths:andesite_square_paving":10,"mcwbridges:warped_rope_bridge_stair":1,"toms_storage:inventory_connector":21,"minecraft:cauldron":5,"minecraft:sheep_spawn_egg":2,"minecraft:spruce_fence_gate":26,"mcwroofs:spruce_planks_roof":36,"mcwtrpdoors:spruce_barn_trapdoor":1,"additional_lights:fire_pit_l_polished_andesite":4,"minecraft:mossy_cobblestone":2,"minecraft:rail":413,"minecraft:crafting_table":14,"mcwdoors:spruce_mystic_door":2,"mcwwindows:spruce_curtain_rod":13,"minecraft:white_bed":15,"minecraft:campfire":42,"minecraft:spruce_log":1231,"mcwwindows:spruce_window2":12,"minecraft:oak_log":87,"minecraft:diamond_pickaxe":13660,"minecraft:oxeye_daisy":19,"mcwpaths:andesite_running_bond_path":4,"minecraft:ominous_trial_key":2,"mcwpaths:spruce_planks_path":81,"minecraft:iron_pickaxe":888,"minecraft:spruce_pressure_plate":15,"minecraft:spruce_trapdoor":234,"minecraft:spruce_sapling":103,"minecraft:crimson_nylium":1,"minecraft:pink_bed":1,"minecraft:cobblestone":1245,"additional_lights:fire_pit_l_mossy_stone_bricks":1,"additional_lights:fire_for_standing_torch_s":2,"minecraft:cooked_porkchop":6,"minecraft:warped_fence_gate":49,"minecraft:andesite_stairs":1,"minecraft:glass_pane":157,"minecraft:stripped_oak_log":2,"minecraft:kelp":4,"minecraft:candle":26,"mcwtrpdoors:acacia_paper_trapdoor":2,"minecraft:cherry_sapling":21,"minecraft:iron_shovel":1171,"minecraft:diamond_hoe":18,"mcwroofs:spruce_planks_steep_roof":6,"mcwtrpdoors:spruce_barred_trapdoor":1,"minecraft:decorated_pot":14,"minecraft:shield":52,"minecraft:iron_sword":608,"additional_lights:fire_pit_l_polished_blackstone":1,"minecraft:bell":1,"minecraft:spruce_leaves":98,"mcwpaths:mud_brick_square_paving":2,"minecraft:birch_pressure_plate":2,"minecraft:nether_bricks":4,"minecraft:carrot":587,"minecraft:waxed_copper_grate":9,"mcwbridges:spruce_bridge_pier":40,"minecraft:tuff":125,"minecraft:beehive":3,"minecraft:obsidian":67,"minecraft:glass":236,"minecraft:waxed_oxidized_copper":8,"minecraft:bricks":63,"mcwtrpdoors:dark_oak_bark_trapdoor":4,"minecraft:spruce_wood":24,"minecraft:lantern":37,"mcwwindows:red_curtain":15,"minecraft:warped_nylium":1,"mcwroofs:stone_bricks_roof":13,"minecraft:stone_bricks":252,"minecraft:spruce_hanging_sign":3,"minecraft:golden_sword":3,"mcwdoors:spruce_western_door":3,"mcwroofs:spruce_attic_roof":4,"mcwpaths:andesite_clover_paving":3,"minecraft:scaffolding":124,"mcwwindows:dark_oak_plank_window":11,"mcwwindows:crimson_plank_parapet":4,"minecraft:beetroot_seeds":130,"mcwdoors:oak_japanese_door":2,"toms_storage:basic_inventory_hopper":33,"mcwroofs:spruce_upper_lower_roof":94,"minecraft:dark_oak_sapling":10,"mcwroofs:red_striped_awning":123,"minecraft:dark_oak_stairs":181,"mcwroofs:dark_oak_planks_lower_roof":162,"minecraft:dropper":2,"minecraft:stone_pickaxe":12,"minecraft:dark_oak_sign":36,"minecraft:oak_planks":1,"minecraft:ender_pearl":1,"minecraft:sugar_cane":73,"minecraft:diamond_axe":373,"additional_lights:al_lamp_magenta_wool":1,"minecraft:loom":2,"additional_lights:al_lamp_iron_block":1,"minecraft:stone_brick_wall":19,"minecraft:black_bed":7,"minecraft:dripstone_block":6,"minecraft:shears":183,"minecraft:redstone_torch":45,"mcwtrpdoors:birch_glass_trapdoor":3,"minecraft:lever":4,"mcwroofs:spruce_top_roof":18,"mcwbridges:iron_bridge_stair":1,"minecraft:bread":65,"mcwroofs:spruce_roof":171,"minecraft:deepslate":186,"minecraft:gravel":215,"minecraft:iron_door":7,"mcwbridges:balustrade_andesite_bridge":14,"mcwdoors:dark_oak_glass_door":2,"mcwbridges:asian_red_bridge_pier":3,"minecraft:cooked_rabbit":1,"minecraft:grindstone":2,"minecraft:andesite":61,"minecraft:chain":66,"minecraft:smooth_stone_slab":33,"minecraft:coarse_dirt":63,"minecraft:bone_meal":527,"minecraft:golden_pickaxe":23,"minecraft:netherite_sword":779,"mcwdoors:birch_barn_door":15,"minecraft:rose_bush":2,"mcwbridges:spruce_log_bridge_stair":11,"minecraft:flint_and_steel":117,"additional_lights:fire_pit_l_end_stone_bricks":1,"toms_storage:level_emitter":5,"minecraft:stone_shovel":341,"minecraft:redstone":10,"minecraft:spruce_planks":1902,"additional_lights:al_lamp_nether_bricks":10,"minecraft:ender_chest":1,"minecraft:cooked_chicken":2,"minecraft:oak_door":3,"mcwdoors:spruce_barn_glass_door":2,"minecraft:dirt":1971,"minecraft:white_carpet":6,"minecraft:hopper":70,"minecraft:spruce_stairs":160,"minecraft:cobblestone_wall":88,"minecraft:golden_chestplate":1,"mcwtrpdoors:spruce_glass_trapdoor":3,"mcwtrpdoors:spruce_classic_trapdoor":1,"minecraft:spruce_fence":225,"minecraft:granite":2,"mcwdoors:spruce_swamp_door":2,"minecraft:iron_hoe":813,"minecraft:stone_brick_slab":8,"minecraft:dark_oak_planks":31,"minecraft:wooden_axe":38,"minecraft:bookshelf":54,"mcwwindows:spruce_shutter":9,"mcwbridges:end_stone_bricks_bridge_pier":3,"toms_storage:paint_kit":16,"mcwbridges:spruce_rope_bridge_stair":12,"mcwwindows:spruce_louvered_shutter":7,"mcwdoors:spruce_japanese2_door":2,"mcwpaths:mud_brick_clover_paving":13,"minecraft:deepslate_tile_stairs":2,"minecraft:white_stained_glass_pane":8,"minecraft:minecart":17,"minecraft:netherite_pickaxe":3494,"minecraft:stone_pressure_plate":3,"additional_lights:standing_torch_l_cobblestone":3,"minecraft:pumpkin":2,"mcwpaths:stone_running_bond":1,"minecraft:cooked_mutton":45,"minecraft:iron_ore":2,"toms_storage:trim":27,"minecraft:polished_andesite":24,"mcwtrpdoors:spruce_ranch_trapdoor":20,"minecraft:baked_potato":400,"mcwpaths:oak_planks_path":10,"mcwdoors:spruce_stable_head_door":2,"toms_storage:storage_terminal":8,"minecraft:spruce_sign":17,"minecraft:stonecutter":4,"minecraft:cobblestone_slab":15,"minecraft:waxed_copper_block":3,"mcwpaths:mud_brick_running_bond_path":22,"mcwtrpdoors:spruce_blossom_trapdoor":4,"toms_storage:inventory_cable_framed":77,"mcwwindows:spruce_plank_window2":1,"minecraft:dark_oak_door":9,"minecraft:smoker":8,"minecraft:flower_pot":6,"mcwtrpdoors:oak_blossom_trapdoor":16,"mcwwindows:dark_oak_curtain_rod":4,"mcwbridges:bridge_torch":39,"mcwpaths:birch_planks_path":2,"sawmill:sawmill":13,"minecraft:stone_slab":442,"mcwdoors:spruce_waffle_door":2,"mcwtrpdoors:spruce_four_panel_trapdoor":1,"additional_lights:al_torch_spruce_planks":1,"minecraft:red_banner":11,"minecraft:bucket":154,"mcwdoors:spruce_beach_door":3},"minecraft:killed_by":{"minecraft:piglin_brute":4,"minecraft:zombie":6,"minecraft:zombified_piglin":1,"minecraft:wither_skeleton":1,"minecraft:creeper":2,"minecraft:spider":1,"minecraft:skeleton":7},"minecraft:mined":{"minecraft:dark_oak_planks":29,"mcwwindows:red_curtain":1,"minecraft:white_bed":6,"minecraft:cherry_log":1,"minecraft:obsidian":54,"minecraft:carved_pumpkin":2,"minecraft:granite":59,"minecraft:stone_brick_wall":1,"minecraft:coal_block":8,"minecraft:deepslate_tile_stairs":2,"minecraft:hopper":16,"minecraft:crimson_fungus":1,"minecraft:oxeye_daisy":118,"minecraft:nether_wart":10,"minecraft:polished_blackstone_bricks":3,"minecraft:tall_seagrass":10,"minecraft:magma_block":24,"minecraft:dark_oak_trapdoor":4,"minecraft:cobbled_deepslate":6,"minecraft:barrel":10,"minecraft:fire":88,"minecraft:moss_carpet":8,"minecraft:enchanting_table":1,"minecraft:cave_vines":4,"minecraft:dirt_path":11,"minecraft:spruce_pressure_plate":2,"minecraft:pink_tulip":6,"toms_storage:inventory_connector":2,"minecraft:brown_mushroom":9,"minecraft:kelp_plant":6,"minecraft:smoker":4,"mcwbridges:spruce_bridge_pier":26,"minecraft:amethyst_cluster":6,"minecraft:torch":71,"minecraft:blast_furnace":1,"minecraft:glass":2,"minecraft:sugar_cane":111,"minecraft:bricks":3,"minecraft:amethyst_block":66,"minecraft:birch_sapling":1,"mcwroofs:spruce_planks_steep_roof":6,"minecraft:wheat":345,"minecraft:waxed_copper_block":7,"minecraft:black_bed":3,"minecraft:warped_fungus":2,"minecraft:stone_brick_stairs":9,"minecraft:dark_oak_sapling":5,"minecraft:loom":1,"minecraft:smooth_basalt":3,"minecraft:red_mushroom_block":39,"minecraft:stonecutter":1,"minecraft:deepslate":3371,"toms_storage:inventory_cable":7,"minecraft:mossy_cobblestone":48,"minecraft:cherry_sapling":2,"minecraft:dark_oak_log":16,"minecraft:nether_bricks":17,"minecraft:dark_oak_fence":27,"minecraft:allium":17,"minecraft:spruce_fence":32,"minecraft:kelp":25,"minecraft:moss_block":72,"minecraft:red_mushroom":4,"mcwwindows:spruce_louvered_shutter":7,"toms_storage:basic_inventory_hopper":9,"minecraft:waxed_copper_grate":16,"minecraft:andesite":62,"mcwdoors:spruce_barn_door":6,"minecraft:chiseled_tuff":3,"minecraft:potatoes":644,"minecraft:vine":6,"minecraft:rail":162,"minecraft:warped_stem":21,"minecraft:bone_block":60,"minecraft:white_wool":3,"minecraft:spruce_hanging_sign":1,"minecraft:glass_pane":2,"minecraft:soul_sand":1,"minecraft:dandelion":4,"minecraft:cornflower":5,"minecraft:short_grass":430,"minecraft:dropper":2,"minecraft:warped_roots":7,"minecraft:campfire":2,"minecraft:lightning_rod":3,"minecraft:copper_ore":5,"minecraft:tall_grass":56,"minecraft:deepslate_gold_ore":3,"minecraft:diorite":88,"minecraft:warped_wart_block":43,"minecraft:coarse_dirt":63,"minecraft:cobblestone_wall":13,"additional_lights:fire_for_standing_torch_s":2,"minecraft:white_carpet":2,"minecraft:spruce_log":171,"minecraft:red_wall_banner":5,"minecraft:sunflower":9,"minecraft:gravel":887,"minecraft:dripstone_block":11,"minecraft:cobweb":58,"mcwpaths:spruce_planks_path":21,"minecraft:spruce_fence_gate":3,"toms_storage:storage_terminal":1,"minecraft:stone_bricks":10,"minecraft:fern":6,"minecraft:waxed_cut_copper_slab":1,"minecraft:large_amethyst_bud":2,"mcwwindows:spruce_plank_parapet":1,"minecraft:spruce_planks":276,"minecraft:farmland":1,"minecraft:oak_sapling":7,"minecraft:stone_pressure_plate":2,"minecraft:warped_fence_gate":4,"minecraft:cobblestone_stairs":4,"mcwroofs:red_striped_awning":12,"minecraft:spruce_trapdoor":29,"minecraft:cave_vines_plant":1,"minecraft:budding_amethyst":9,"mcwbridges:spruce_rope_bridge_stair":4,"minecraft:grass_block":435,"mcwroofs:spruce_steep_roof":14,"minecraft:tuff_bricks":25,"minecraft:gilded_blackstone":2,"minecraft:glowstone":28,"minecraft:iron_ore":1,"minecraft:polished_tuff":9,"mcwroofs:spruce_top_roof":8,"minecraft:azure_bluet":4,"minecraft:dark_oak_stairs":11,"minecraft:pointed_dripstone":6,"minecraft:azalea":2,"mcwroofs:spruce_lower_roof":11,"minecraft:spruce_slab":11,"minecraft:deepslate_redstone_ore":9,"toms_storage:inventory_cable_connector":4,"minecraft:blackstone":270,"toms_storage:trim":20,"mcwroofs:spruce_upper_lower_roof":27,"minecraft:medium_amethyst_bud":1,"minecraft:clay":316,"mcwbridges:spruce_log_bridge_stair":13,"minecraft:calcite":24,"minecraft:poppy":33,"minecraft:chest":46,"minecraft:mushroom_stem":1,"minecraft:cobblestone":449,"minecraft:nether_quartz_ore":9,"minecraft:waxed_chiseled_copper":2,"minecraft:grindstone":1,"minecraft:oak_planks":7,"minecraft:wall_torch":42,"minecraft:iron_door":3,"minecraft:pink_petals":17,"minecraft:spruce_wall_hanging_sign":1,"minecraft:seagrass":6,"minecraft:warped_nylium":22,"minecraft:powered_rail":6,"minecraft:dark_oak_slab":33,"minecraft:dark_oak_door":1,"minecraft:smooth_stone_slab":5,"minecraft:oak_log":35,"minecraft:beetroots":42,"minecraft:waxed_oxidized_copper":18,"minecraft:sand":45,"minecraft:dirt":272,"mcwroofs:spruce_roof":8,"minecraft:netherrack":10008,"minecraft:oak_leaves":242,"minecraft:crying_obsidian":1,"minecraft:tuff":162,"minecraft:glow_lichen":2,"minecraft:lever":4,"minecraft:stone_button":2,"minecraft:decorated_pot":22,"sawmill:sawmill":10,"minecraft:brick_stairs":3,"minecraft:spruce_leaves":136,"minecraft:large_fern":3,"minecraft:hay_block":63,"minecraft:oak_trapdoor":4,"minecraft:spruce_sapling":61,"minecraft:furnace":4,"minecraft:carrots":537,"minecraft:nether_sprouts":2,"minecraft:stripped_spruce_log":150,"mcwtrpdoors:spruce_ranch_trapdoor":2,"minecraft:gold_block":4,"minecraft:bell":1,"minecraft:bookshelf":35,"minecraft:shroomlight":5,"minecraft:stripped_oak_log":2,"minecraft:packed_ice":1,"toms_storage:inventory_cable_framed":35,"minecraft:stone":892,"minecraft:redstone_wall_torch":4,"minecraft:podzol":46,"minecraft:scaffolding":5,"minecraft:flowering_azalea":1,"mcwwindows:spruce_shutter":1,"minecraft:spruce_door":2,"minecraft:oak_fence":2,"minecraft:crafting_table":8,"minecraft:honey_block":1,"minecraft:lectern":1,"minecraft:stone_slab":49,"minecraft:spruce_stairs":26,"minecraft:birch_planks":3,"minecraft:cactus":1,"minecraft:beehive":2,"minecraft:redstone_torch":2,"minecraft:sweet_berry_bush":6,"mcwwindows:spruce_curtain_rod":5,"toms_storage:inventory_cable_connector_framed":4,"mcwroofs:spruce_attic_roof":4,"minecraft:white_wall_banner":1,"minecraft:coal_ore":6,"minecraft:small_dripleaf":8,"minecraft:birch_fence":2},"minecraft:killed":{"minecraft:cave_spider":4,"minecraft:cod":2,"minecraft:skeleton":174,"minecraft:chicken":6,"minecraft:tropical_fish":1,"minecraft:salmon":4,"minecraft:pillager":332,"minecraft:zombie":163,"minecraft:glow_squid":1,"minecraft:cow":10,"minecraft:evoker":17,"minecraft:vindicator":93,"minecraft:rabbit":2,"minecraft:wandering_trader":1,"minecraft:breeze":5,"minecraft:enderman":10,"minecraft:witch":26,"minecraft:zombified_piglin":16,"minecraft:spider":74,"minecraft:silverfish":10,"minecraft:piglin_brute":15,"minecraft:piglin":67,"minecraft:zombie_villager":9,"minecraft:creeper":33,"minecraft:sheep":30,"minecraft:trader_llama":2,"minecraft:stray":11,"minecraft:blaze":8,"minecraft:slime":238,"minecraft:phantom":3,"minecraft:drowned":17,"minecraft:hoglin":41,"minecraft:squid":1,"minecraft:player":1},"minecraft:dropped":{"minecraft:iron_sword":3,"minecraft:ominous_bottle":6,"minecraft:lapis_lazuli":64,"minecraft:glow_ink_sac":8,"minecraft:diamond":57,"minecraft:spore_blossom":1,"minecraft:crafting_table":6,"minecraft:dark_oak_slab":63,"minecraft:crossbow":33,"minecraft:warped_roots":16,"minecraft:rail":52,"minecraft:emerald":10,"minecraft:dirt":351,"minecraft:birch_fence":2,"minecraft:stone_button":2,"minecraft:dark_oak_fence":21,"minecraft:netherite_boots":1,"minecraft:chain":29,"minecraft:gold_nugget":40,"minecraft:bone_meal":12,"minecraft:sand":6,"minecraft:sugar":77,"minecraft:iron_pickaxe":2,"minecraft:dark_oak_planks":58,"minecraft:white_wool":1,"minecraft:bone":51,"minecraft:waxed_cut_copper_slab":1,"sawmill:sawmill":1,"minecraft:lever":1,"minecraft:iron_nugget":48,"minecraft:cobbled_deepslate":3880,"minecraft:netherite_sword":1,"minecraft:birch_sapling":3,"minecraft:obsidian":1,"minecraft:rotten_flesh":269,"minecraft:oak_planks":25,"minecraft:glowstone_dust":5,"minecraft:azure_bluet":1,"minecraft:white_bed":1,"minecraft:salmon":2,"minecraft:warped_planks":4,"minecraft:hopper":2,"mcwroofs:spruce_roof":60,"mcwroofs:spruce_lower_roof":49,"minecraft:glass":11,"xp_storage:xp_book":1,"minecraft:warped_wart_block":511,"minecraft:egg":13,"minecraft:enchanted_book":4,"minecraft:golden_boots":1,"minecraft:iron_ingot":34,"minecraft:netherite_pickaxe":2,"minecraft:wheat_seeds":54,"minecraft:deepslate_brick_wall":26,"minecraft:dripstone_block":3,"minecraft:netherite_helmet":4,"minecraft:iron_helmet":4,"minecraft:cobblestone":447,"minecraft:book":9,"minecraft:waxed_copper_grate":2,"minecraft:granite":3,"minecraft:spruce_button":3,"mcwbridges:spruce_bridge_pier":6,"minecraft:spruce_door":1,"minecraft:coal":4,"minecraft:golden_apple":3,"minecraft:oxeye_daisy":38,"minecraft:lava_bucket":1,"toms_storage:trim":2,"minecraft:spruce_hanging_sign":1,"minecraft:ink_sac":4,"minecraft:wooden_axe":13,"minecraft:rabbit":1,"mcwroofs:spruce_top_roof":1,"minecraft:diamond_helmet":2,"minecraft:potion":1,"minecraft:oak_stairs":24,"minecraft:pumpkin":12,"minecraft:white_banner":36,"minecraft:paper":10,"minecraft:iron_shovel":4,"minecraft:string":62,"minecraft:spruce_sapling":55,"minecraft:furnace":1,"minecraft:moss_carpet":21,"minecraft:cobblestone_wall":2,"minecraft:deepslate":66,"minecraft:vault":1,"minecraft:stone_shovel":1,"minecraft:clay_ball":78,"minecraft:iron_boots":1,"minecraft:stone_slab":4,"minecraft:spruce_fence":6,"minecraft:shears":1,"minecraft:diamond_sword":4,"minecraft:big_dripleaf":4,"minecraft:potato":313,"minecraft:stone":1,"minecraft:flower_pot":3,"minecraft:allium":18,"minecraft:spruce_planks":135,"minecraft:diamond_pickaxe":1,"minecraft:redstone_torch":47,"minecraft:stone_pressure_plate":1,"minecraft:spider_eye":28,"minecraft:light_gray_dye":8,"minecraft:bow":38,"minecraft:warped_stem":22,"minecraft:birch_planks":2,"minecraft:moss_block":11,"minecraft:brown_mushroom":2,"minecraft:dark_oak_stairs":35,"minecraft:diamond_axe":1,"minecraft:warped_fungus":3,"minecraft:oak_log":89,"minecraft:loom":1,"minecraft:baked_potato":130,"mcwroofs:spruce_upper_lower_roof":41,"minecraft:netherite_upgrade_smithing_template":11,"minecraft:red_wool":2,"mcwroofs:spruce_attic_roof":2,"minecraft:flint":92,"minecraft:cobblestone_stairs":16,"minecraft:spruce_leaves":16,"minecraft:cracked_polished_blackstone_bricks":20,"minecraft:dark_oak_log":281,"minecraft:netherite_scrap":1,"minecraft:warped_fence_gate":1,"minecraft:cooked_cod":45,"minecraft:gilded_blackstone":5,"minecraft:amethyst_shard":1,"minecraft:axolotl_bucket":1,"minecraft:polished_blackstone_bricks":29,"minecraft:birch_log":6,"minecraft:gold_ingot":155,"minecraft:cauldron":1,"minecraft:gravel":821,"minecraft:blackstone":579,"minecraft:spyglass":1,"minecraft:beetroot":1,"minecraft:recovery_compass":3,"minecraft:carrot":926,"minecraft:poppy":23,"minecraft:rabbit_hide":1,"minecraft:leather_chestplate":1,"minecraft:azalea":3,"minecraft:chest":24,"minecraft:powered_rail":37,"minecraft:basalt":5,"minecraft:arrow":105,"minecraft:quartz":289,"minecraft:oak_leaves":44,"minecraft:netherrack":2177,"minecraft:water_bucket":2,"minecraft:bread":11,"minecraft:golden_helmet":1,"toms_storage:inventory_connector":1,"minecraft:mossy_cobblestone":16,"minecraft:diamond_leggings":2,"minecraft:poisonous_potato":2,"minecraft:golden_axe":1,"minecraft:polished_tuff":3,"minecraft:amethyst_block":1,"minecraft:copper_ingot":4,"minecraft:tropical_fish":39,"minecraft:ominous_trial_key":2,"minecraft:stick":38,"minecraft:spruce_fence_gate":2,"minecraft:deepslate_brick_stairs":12,"minecraft:diorite":6,"minecraft:torch":94,"xp_storage:crystallized_lapis":1,"minecraft:waxed_oxidized_copper":2,"minecraft:iron_leggings":3,"minecraft:flowering_azalea":1,"minecraft:stonecutter":1,"minecraft:iron_axe":11,"minecraft:bucket":43,"minecraft:smooth_basalt":3,"minecraft:redstone":130,"minecraft:kelp":183,"minecraft:tuff_bricks":1,"minecraft:warped_nylium":1,"minecraft:coarse_dirt":1,"minecraft:nether_wart":7,"minecraft:raw_copper":118,"minecraft:tuff":111,"minecraft:raw_iron":34,"minecraft:comparator":2,"minecraft:totem_of_undying":3,"minecraft:netherite_leggings":1,"minecraft:flint_and_steel":1,"minecraft:shield":2,"minecraft:diamond_chestplate":5,"minecraft:iron_chestplate":1,"minecraft:andesite":13,"minecraft:pink_wool":3,"minecraft:golden_leggings":1,"minecraft:oak_sapling":73,"minecraft:golden_sword":3,"minecraft:diamond_boots":1,"minecraft:waxed_chiseled_copper":2,"minecraft:spruce_log":130,"minecraft:stone_pickaxe":4,"minecraft:brick":8},"minecraft:crafted":{"minecraft:black_dye":1,"minecraft:smooth_stone":128,"minecraft:cactus":1,"minecraft:pink_bed":1,"minecraft:blaze_powder":12,"toms_storage:inventory_cable_framed":13,"minecraft:loom":1,"minecraft:bookshelf":46,"minecraft:cooked_mutton":13,"minecraft:glass":44,"minecraft:diamond_helmet":1,"minecraft:repeater":10,"minecraft:diamond_leggings":3,"minecraft:netherite_boots":2,"minecraft:melon_seeds":1,"toms_storage:item_filter":1,"mcwtrpdoors:spruce_ranch_trapdoor":18,"minecraft:magenta_dye":13,"mcwwindows:spruce_plank_parapet":7,"minecraft:cooked_rabbit":1,"minecraft:glass_bottle":3,"minecraft:emerald":191,"minecraft:cooked_porkchop":64,"minecraft:diamond_axe":1,"minecraft:spruce_door":2,"mcwwindows:spruce_louvered_shutter":2,"minecraft:copper_ingot":72,"minecraft:hay_block":41,"mcwroofs:spruce_planks_roof":36,"minecraft:dark_oak_sapling":4,"toms_storage:inventory_cable":20,"minecraft:stone_slab":390,"minecraft:iron_pickaxe":2,"minecraft:iron_block":14,"minecraft:gold_ingot":185,"minecraft:light_gray_dye":74,"minecraft:netherite_ingot":11,"minecraft:composter":3,"minecraft:spruce_fence_gate":4,"sawmill:sawmill":2,"toms_storage:inventory_cable_connector":1,"minecraft:stone_shovel":3,"minecraft:smooth_stone_slab":30,"minecraft:iron_nugget":9,"minecraft:brick_stairs":20,"minecraft:bone_meal":990,"minecraft:spruce_fence":55,"minecraft:pink_dye":44,"minecraft:spruce_stairs":48,"mcwroofs:spruce_planks_steep_roof":4,"toms_storage:basic_inventory_hopper":2,"minecraft:ladder":24,"minecraft:spruce_slab":126,"minecraft:stone_pickaxe":1,"minecraft:diamond_boots":1,"minecraft:spruce_boat":7,"minecraft:dark_oak_planks":196,"mcwwindows:spruce_curtain_rod":8,"minecraft:wheat":936,"minecraft:coal_block":85,"minecraft:netherite_pickaxe":2,"toms_storage:inventory_connector":1,"minecraft:enchanting_table":1,"mcwroofs:spruce_upper_lower_roof":18,"toms_storage:inventory_configurator":1,"mcwdoors:spruce_barn_door":2,"minecraft:enchanted_book":15,"minecraft:golden_apple":3,"mcwroofs:spruce_attic_roof":2,"minecraft:wooden_axe":1,"minecraft:black_stained_glass_pane":32,"minecraft:iron_shovel":3,"minecraft:iron_leggings":2,"minecraft:white_bed":5,"mcwroofs:spruce_steep_roof":20,"minecraft:brick":35,"minecraft:grindstone":1,"mcwbridges:spruce_bridge_pier":10,"minecraft:oak_planks":68,"minecraft:barrel":3,"minecraft:cooked_chicken":2,"minecraft:lightning_rod":1,"minecraft:stone":64,"minecraft:spruce_pressure_plate":2,"mcwroofs:spruce_roof":22,"minecraft:warped_planks":4,"minecraft:green_dye":1,"minecraft:hopper":47,"minecraft:bow":4,"minecraft:iron_boots":2,"minecraft:comparator":10,"minecraft:chest":74,"minecraft:netherite_helmet":2,"minecraft:netherite_upgrade_smithing_template":30,"minecraft:rail":48,"minecraft:bricks":304,"minecraft:dropper":1,"minecraft:crafting_table":10,"minecraft:spruce_planks":1492,"minecraft:iron_helmet":2,"minecraft:wooden_pickaxe":1,"minecraft:baked_potato":906,"mcwroofs:spruce_top_roof":21,"mcwroofs:roofing_hammer":1,"minecraft:brewing_stand":1,"minecraft:sea_pickle":2,"minecraft:apple":128,"minecraft:spruce_trapdoor":100,"minecraft:book":37,"minecraft:iron_chestplate":2,"minecraft:paper":30,"minecraft:diamond_pickaxe":3,"minecraft:charcoal":23,"minecraft:shield":1,"minecraft:warped_fence_gate":45,"minecraft:stick":504,"minecraft:iron_ingot":519,"minecraft:redstone_torch":188,"mcwpaths:spruce_planks_path":36,"minecraft:shears":3,"minecraft:small_dripleaf":2,"minecraft:coal":837,"minecraft:stone_brick_wall":24,"minecraft:beehive":1,"minecraft:netherite_sword":1,"minecraft:spruce_button":4,"minecraft:furnace":4,"mcwroofs:spruce_lower_roof":20,"minecraft:glass_pane":64,"minecraft:netherite_chestplate":1,"minecraft:netherite_leggings":3,"mcwbridges:spruce_log_bridge_stair":20,"minecraft:iron_axe":2,"minecraft:iron_hoe":1,"minecraft:cobblestone_wall":66,"minecraft:netherite_scrap":24,"minecraft:minecart":1,"minecraft:cooked_beef":32,"minecraft:sugar":64,"minecraft:red_dye":12,"minecraft:cooked_cod":2,"minecraft:bone_block":63,"minecraft:diamond_sword":1,"minecraft:spruce_sign":2,"minecraft:powered_rail":24,"minecraft:iron_sword":3,"toms_storage:paint_kit":1,"minecraft:cooked_salmon":4,"minecraft:bucket":5,"minecraft:air":0,"minecraft:bread":68,"minecraft:black_stained_glass":64,"minecraft:blue_dye":5,"minecraft:gold_nugget":1,"minecraft:white_dye":3,"minecraft:stonecutter":1,"minecraft:anvil":3,"minecraft:torch":332,"minecraft:diamond_chestplate":1}},"DataVersion":3953}