{"stats":{"minecraft:picked_up":{"minecraft:iron_chestplate":3,"minecraft:wheat":621,"minecraft:flower_pot":4,"minecraft:lead":2,"minecraft:potion":1,"minecraft:stone_brick_stairs":28,"minecraft:brewing_stand":1,"minecraft:amethyst_block":1,"minecraft:string":7,"minecraft:dark_oak_trapdoor":30,"minecraft:raw_copper":91,"minecraft:iron_leggings":2,"minecraft:cobbled_deepslate":283,"minecraft:spruce_planks":265,"minecraft:azalea":3,"minecraft:iron_pickaxe":5,"mcwpaths:brick_strewn_rocky_path":1,"minecraft:furnace":4,"minecraft:iron_boots":2,"minecraft:golden_helmet":1,"minecraft:stick":128,"minecraft:big_dripleaf":2,"minecraft:oak_fence":1,"minecraft:torch":50,"minecraft:brick_wall":2,"minecraft:spruce_stairs":7,"minecraft:cherry_log":126,"minecraft:pointed_dripstone":4,"minecraft:diorite":77,"minecraft:copper_door":2,"minecraft:rotten_flesh":87,"minecraft:carved_pumpkin":4,"minecraft:obsidian":4,"minecraft:cobblestone":2886,"minecraft:pink_petals":57,"minecraft:mossy_cobblestone_slab":1,"minecraft:cherry_leaves":88,"minecraft:water_bucket":1,"minecraft:andesite":11,"mcwbridges:balustrade_bricks_bridge":17,"minecraft:black_bed":71,"minecraft:golden_leggings":1,"minecraft:potato":749,"minecraft:flint":5,"minecraft:tuff":10,"minecraft:lapis_lazuli":139,"minecraft:oxidized_copper_door":2,"minecraft:dirt":1399,"minecraft:lantern":17,"minecraft:polished_granite":1,"minecraft:name_tag":1,"minecraft:leather_boots":1,"minecraft:bone":39,"minecraft:bow":1,"minecraft:stonecutter":1,"minecraft:wheat_seeds":1812,"minecraft:raw_gold":194,"minecraft:dark_oak_sign":2,"minecraft:powered_rail":1,"minecraft:moss_block":75,"minecraft:oak_planks":40,"mcwbridges:brick_bridge_stair":3,"minecraft:poisonous_potato":4,"minecraft:sand":324,"minecraft:stripped_spruce_log":9,"minecraft:ink_sac":3,"minecraft:dark_oak_log":456,"minecraft:barrel":1,"minecraft:polished_andesite":1,"minecraft:diamond":160,"minecraft:spruce_boat":2,"minecraft:lever":1,"minecraft:crossbow":3,"minecraft:granite":339,"minecraft:golden_apple":4,"minecraft:emerald":40,"minecraft:spruce_sign":3,"minecraft:bread":86,"minecraft:jack_o_lantern":8,"minecraft:dark_oak_fence":43,"minecraft:bricks":138,"minecraft:coarse_dirt":3,"minecraft:crafting_table":4,"minecraft:allium":4,"minecraft:ominous_bottle":1,"minecraft:ladder":2,"minecraft:clay_ball":1884,"minecraft:chest_minecart":2,"minecraft:brown_mushroom":11,"minecraft:wooden_pickaxe":1,"minecraft:chain":47,"minecraft:brick":8,"minecraft:shield":3,"minecraft:moss_carpet":9,"minecraft:iron_axe":1,"minecraft:candle":6,"minecraft:beef":97,"minecraft:poppy":1,"minecraft:minecart":11,"minecraft:sugar_cane":417,"minecraft:chest":3,"minecraft:piston":24,"minecraft:spruce_trapdoor":1,"minecraft:egg":3,"minecraft:dark_oak_sapling":19,"minecraft:raw_iron":912,"minecraft:spruce_fence":13,"minecraft:carrot":1,"minecraft:redstone":99,"minecraft:dark_oak_planks":23,"minecraft:arrow":34,"minecraft:hay_block":78,"minecraft:pink_tulip":2,"minecraft:totem_of_undying":1,"minecraft:gold_ingot":6,"minecraft:glow_berries":35,"minecraft:mutton":10,"minecraft:rail":186,"minecraft:white_wool":7,"minecraft:oxeye_daisy":2,"minecraft:leather":48,"minecraft:fern":2,"minecraft:red_mushroom":3,"minecraft:filled_map":1,"minecraft:gunpowder":5,"minecraft:white_banner":36,"minecraft:apple":2,"minecraft:stone_bricks":12,"minecraft:spore_blossom":4,"minecraft:stone_pickaxe":4,"minecraft:glass_bottle":2,"minecraft:iron_sword":2,"minecraft:flowering_azalea":23,"minecraft:dark_oak_stairs":17,"minecraft:book":9,"minecraft:dark_oak_slab":57,"minecraft:pumpkin":12,"minecraft:stone_brick_slab":9,"minecraft:spyglass":3,"minecraft:raw_iron_block":4,"minecraft:gravel":46,"mcwbridges:bridge_lantern":10,"minecraft:spruce_sapling":61,"minecraft:white_bed":17,"minecraft:spruce_log":317,"minecraft:dark_oak_fence_gate":3,"minecraft:spider_eye":5,"minecraft:pumpkin_seeds":16,"minecraft:iron_helmet":3,"minecraft:cherry_sapling":83,"minecraft:baked_potato":50,"minecraft:melon_seeds":5,"minecraft:coal":1289,"minecraft:ender_pearl":1},"minecraft:broken":{"minecraft:iron_shovel":5,"minecraft:stone_pickaxe":12,"minecraft:iron_sword":1,"minecraft:stone_shovel":1,"minecraft:shield":3,"minecraft:iron_axe":5,"minecraft:iron_pickaxe":12},"minecraft:custom":{"minecraft:animals_bred":42,"minecraft:interact_with_crafting_table":284,"minecraft:open_barrel":11,"minecraft:leave_game":95,"minecraft:time_since_death":128525,"minecraft:sprint_one_cm":3619762,"minecraft:damage_blocked_by_shield":14952,"minecraft:drop":225,"minecraft:talked_to_villager":34,"minecraft:play_time":1733898,"minecraft:deaths":13,"minecraft:jump":19206,"minecraft:interact_with_brewingstand":1,"minecraft:walk_on_water_one_cm":255480,"minecraft:enchant_item":6,"minecraft:interact_with_furnace":318,"minecraft:traded_with_villager":3,"minecraft:interact_with_loom":1,"minecraft:sleep_in_bed":133,"minecraft:open_enderchest":1,"minecraft:damage_dealt":49792,"minecraft:crouch_one_cm":344300,"minecraft:use_cauldron":4,"minecraft:interact_with_anvil":4,"minecraft:mob_kills":475,"minecraft:inspect_hopper":7,"minecraft:climb_one_cm":97662,"minecraft:walk_one_cm":5497413,"minecraft:raid_win":2,"minecraft:sneak_time":130182,"minecraft:walk_under_water_one_cm":833209,"minecraft:boat_one_cm":881,"minecraft:total_world_time":1733898,"minecraft:raid_trigger":8,"minecraft:pot_flower":9,"minecraft:interact_with_stonecutter":26,"minecraft:time_since_rest":89932,"minecraft:damage_taken":17560,"minecraft:damage_absorbed":578,"minecraft:minecart_one_cm":40050,"minecraft:swim_one_cm":242556,"minecraft:fly_one_cm":2012317,"minecraft:open_chest":946,"minecraft:fall_one_cm":405970},"minecraft:used":{"minecraft:moss_block":30,"minecraft:moss_carpet":2,"minecraft:cherry_sapling":1,"minecraft:jack_o_lantern":12,"minecraft:iron_shovel":1642,"minecraft:ladder":12,"minecraft:shield":297,"minecraft:chest":25,"minecraft:stone":59,"minecraft:iron_sword":572,"minecraft:carrot":1,"minecraft:stripped_spruce_log":1,"minecraft:spruce_boat":2,"minecraft:glass":317,"minecraft:lava_bucket":6,"minecraft:bricks":572,"minecraft:lantern":72,"minecraft:dark_oak_slab":856,"minecraft:mossy_cobblestone_slab":1,"minecraft:cherry_leaves":72,"minecraft:stone_brick_stairs":90,"minecraft:stone_bricks":192,"minecraft:bow":1,"minecraft:hay_block":11,"minecraft:ominous_bottle":9,"minecraft:furnace":12,"minecraft:egg":1,"minecraft:potato":231,"minecraft:dark_oak_sapling":2,"minecraft:dark_oak_stairs":176,"minecraft:diorite":34,"minecraft:brick_wall":19,"minecraft:copper_door":3,"minecraft:stone_pickaxe":1394,"minecraft:powered_rail":1,"minecraft:dark_oak_sign":7,"minecraft:oak_planks":4,"minecraft:wooden_pickaxe":33,"minecraft:sugar_cane":5,"minecraft:golden_apple":2,"minecraft:glow_berries":5,"minecraft:dark_oak_trapdoor":117,"minecraft:stone_brick_wall":14,"minecraft:black_bed":70,"minecraft:shears":97,"minecraft:pumpkin_seeds":3,"minecraft:lever":2,"minecraft:bread":236,"minecraft:dark_oak_log":152,"minecraft:spore_blossom":3,"minecraft:polished_granite":1,"minecraft:gravel":30,"additional_lights:fire_pit_l_stone_bricks":9,"minecraft:dark_oak_fence":133,"minecraft:andesite":7,"minecraft:chain":34,"minecraft:chest_minecart":1,"minecraft:coarse_dirt":3,"mcwbridges:bridge_lantern":10,"minecraft:bone_meal":34,"minecraft:azalea":1,"minecraft:enchanting_table":1,"minecraft:stone_shovel":309,"minecraft:redstone":23,"minecraft:spruce_planks":266,"minecraft:stone_hoe":95,"minecraft:torch":965,"minecraft:spyglass":1,"minecraft:brewing_stand":2,"minecraft:anvil":1,"minecraft:dirt":683,"mcwbridges:brick_bridge_stair":4,"minecraft:spruce_stairs":15,"minecraft:granite":19,"minecraft:spruce_fence":86,"minecraft:fern":2,"minecraft:iron_hoe":159,"minecraft:stone_brick_slab":34,"minecraft:dark_oak_planks":189,"minecraft:flowering_azalea":23,"minecraft:bookshelf":19,"minecraft:iron_axe":1081,"minecraft:totem_of_undying":9,"minecraft:barrel":10,"minecraft:minecart":8,"minecraft:oxidized_copper_door":1,"minecraft:pumpkin":4,"minecraft:cooked_beef":38,"minecraft:cobbled_deepslate":229,"minecraft:acacia_planks":21,"minecraft:cherry_log":1,"minecraft:pointed_dripstone":1,"minecraft:wheat_seeds":703,"minecraft:cooked_mutton":5,"minecraft:water_bucket":14,"minecraft:amethyst_block":26,"minecraft:polished_andesite":1,"minecraft:brown_mushroom":1,"minecraft:spruce_sign":8,"minecraft:cauldron":1,"minecraft:stonecutter":2,"minecraft:rail":32,"minecraft:crafting_table":10,"minecraft:red_mushroom":2,"minecraft:dark_oak_fence_gate":7,"minecraft:white_bed":17,"minecraft:spruce_log":62,"minecraft:dark_oak_door":3,"minecraft:piston":11,"minecraft:flower_pot":17,"minecraft:diamond_pickaxe":781,"minecraft:oxeye_daisy":1,"minecraft:iron_pickaxe":2373,"minecraft:stone_axe":102,"minecraft:pink_petals":57,"minecraft:cobblestone":1134,"minecraft:bucket":20,"minecraft:glass_pane":8,"mcwpaths:brick_strewn_rocky_path":5,"mcwbridges:balustrade_bricks_bridge":35},"minecraft:killed_by":{"minecraft:evoker":1,"minecraft:zombie_villager":4,"minecraft:creeper":1,"minecraft:vindicator":1,"minecraft:zombie":3},"minecraft:mined":{"minecraft:spruce_planks":266,"minecraft:white_bed":17,"minecraft:farmland":47,"minecraft:cherry_log":1,"minecraft:brewing_stand":1,"minecraft:obsidian":4,"minecraft:carved_pumpkin":4,"minecraft:spruce_trapdoor":1,"minecraft:cave_vines_plant":7,"minecraft:granite":340,"minecraft:grass_block":657,"minecraft:oxeye_daisy":1,"minecraft:spawner":1,"minecraft:tall_seagrass":8,"minecraft:raw_iron_block":4,"minecraft:mossy_cobblestone_slab":1,"mcwbridges:brick_bridge_stair":3,"minecraft:dark_oak_trapdoor":31,"minecraft:iron_ore":3,"minecraft:barrel":1,"minecraft:cobbled_deepslate":28,"minecraft:moss_carpet":2,"minecraft:dark_oak_stairs":17,"minecraft:pointed_dripstone":4,"minecraft:cave_vines":14,"minecraft:dirt_path":3,"minecraft:pink_tulip":2,"minecraft:azalea":5,"minecraft:brown_mushroom":3,"minecraft:clay":485,"minecraft:torch":10,"minecraft:poppy":1,"minecraft:chest":3,"minecraft:spruce_wall_sign":3,"minecraft:glass":1,"minecraft:cobblestone":338,"minecraft:oak_planks":39,"minecraft:sugar_cane":210,"minecraft:bricks":138,"minecraft:wall_torch":19,"minecraft:amethyst_block":1,"minecraft:pink_petals":23,"minecraft:seagrass":10,"minecraft:chain":29,"minecraft:powered_rail":1,"minecraft:dark_oak_slab":50,"mcwbridges:balustrade_bricks_bridge":17,"minecraft:wheat":651,"minecraft:black_bed":70,"minecraft:stone_brick_stairs":28,"minecraft:cracked_deepslate_tiles":1,"minecraft:sand":329,"minecraft:dirt":713,"minecraft:stonecutter":1,"minecraft:netherrack":2,"minecraft:piston":7,"minecraft:deepslate":204,"minecraft:tuff":10,"minecraft:candle":2,"minecraft:cherry_sapling":10,"minecraft:dark_oak_log":6,"minecraft:jack_o_lantern":8,"minecraft:lever":1,"minecraft:glow_lichen":1,"minecraft:ladder":2,"minecraft:dark_oak_fence":44,"minecraft:allium":5,"minecraft:spruce_fence":11,"minecraft:decorated_pot":2,"minecraft:redstone_wire":8,"minecraft:spruce_leaves":34,"minecraft:moss_block":60,"minecraft:red_mushroom":3,"minecraft:large_fern":2,"minecraft:hay_block":80,"minecraft:spore_blossom":3,"mcwpaths:brick_strewn_rocky_path":1,"minecraft:spruce_sapling":7,"minecraft:furnace":4,"minecraft:andesite":12,"minecraft:dark_oak_fence_gate":3,"minecraft:stripped_spruce_log":9,"minecraft:bookshelf":3,"minecraft:potatoes":169,"minecraft:deepslate_iron_ore":1,"minecraft:vine":5,"minecraft:rail":152,"minecraft:lantern":15,"minecraft:stone":2526,"minecraft:podzol":5,"minecraft:flowering_azalea":23,"minecraft:glass_pane":4,"minecraft:brick_wall":2,"minecraft:stone_brick_slab":10,"minecraft:copper_door":2,"minecraft:polished_granite":1,"minecraft:oak_fence":1,"minecraft:crafting_table":4,"minecraft:short_grass":96,"minecraft:emerald_ore":4,"minecraft:oxidized_copper_door":2,"minecraft:copper_ore":13,"minecraft:tall_grass":6,"mcwbridges:bridge_lantern":10,"minecraft:diorite":77,"minecraft:spruce_stairs":7,"minecraft:coarse_dirt":4,"minecraft:dark_oak_wall_sign":3,"minecraft:sweet_berry_bush":1,"minecraft:spruce_log":24,"minecraft:coal_ore":8,"minecraft:cherry_leaves":95,"minecraft:flower_pot":4,"minecraft:gravel":38,"minecraft:polished_andesite":1,"minecraft:stone_bricks":12,"minecraft:small_dripleaf":5,"minecraft:fern":5,"minecraft:dark_oak_planks":24},"minecraft:killed":{"minecraft:cave_spider":2,"minecraft:witch":15,"minecraft:spider":11,"minecraft:skeleton":39,"minecraft:axolotl":1,"minecraft:zombie_villager":8,"minecraft:creeper":16,"minecraft:sheep":7,"minecraft:pillager":119,"minecraft:zombie":97,"minecraft:donkey":1,"minecraft:cow":51,"minecraft:evoker":13,"minecraft:vindicator":79,"minecraft:drowned":5,"minecraft:bat":1,"minecraft:enderman":2},"minecraft:dropped":{"minecraft:iron_sword":1,"minecraft:piston":18,"minecraft:moss_block":45,"minecraft:brown_mushroom":10,"minecraft:ominous_bottle":2,"minecraft:ender_pearl":1,"minecraft:glass_bottle":7,"minecraft:spore_blossom":1,"minecraft:crossbow":16,"minecraft:chest_minecart":1,"minecraft:saddle":2,"minecraft:rail":35,"minecraft:flint":5,"minecraft:dirt":137,"minecraft:sand":41,"minecraft:sugar":8,"minecraft:iron_pickaxe":2,"minecraft:bone":31,"minecraft:gravel":12,"minecraft:cherry_sapling":6,"minecraft:rotten_flesh":87,"minecraft:melon_seeds":2,"minecraft:leather_boots":1,"minecraft:azalea":2,"minecraft:arrow":24,"minecraft:egg":2,"minecraft:stone_hoe":1,"minecraft:wheat_seeds":1277,"minecraft:golden_helmet":1,"minecraft:minecart":2,"minecraft:poisonous_potato":3,"minecraft:cobblestone":5,"minecraft:granite":200,"minecraft:coal":32,"minecraft:stick":30,"minecraft:diorite":3,"minecraft:potion":2,"minecraft:iron_leggings":1,"minecraft:white_banner":66,"minecraft:iron_axe":11,"minecraft:iron_shovel":1,"minecraft:string":4,"minecraft:acacia_planks":28,"minecraft:spruce_sapling":21,"minecraft:moss_carpet":7,"minecraft:dark_oak_sign":1,"minecraft:tuff":2,"minecraft:stone_shovel":2,"minecraft:clay_ball":20,"minecraft:iron_boots":1,"minecraft:name_tag":1,"minecraft:totem_of_undying":1,"minecraft:spruce_fence":2,"minecraft:big_dripleaf":2,"minecraft:shield":3,"minecraft:spruce_planks":4,"minecraft:iron_chestplate":1,"minecraft:andesite":4,"minecraft:golden_leggings":1,"minecraft:spider_eye":1,"minecraft:spruce_log":6,"minecraft:bow":1,"minecraft:stone_pickaxe":9,"minecraft:wooden_pickaxe":2},"minecraft:crafted":{"mcwbridges:bridge_lantern":2,"minecraft:brick":1996,"minecraft:black_dye":1,"minecraft:barrel":9,"minecraft:chain":11,"minecraft:brick_wall":6,"minecraft:stone":426,"minecraft:lever":2,"minecraft:bookshelf":19,"minecraft:cooked_mutton":5,"minecraft:dark_oak_door":3,"minecraft:glass":337,"minecraft:stone_brick_slab":18,"minecraft:iron_boots":2,"minecraft:chest":22,"minecraft:bricks":491,"minecraft:stone_hoe":1,"minecraft:stone_bricks":10,"minecraft:flower_pot":13,"minecraft:cauldron":1,"minecraft:crafting_table":6,"minecraft:spruce_planks":730,"minecraft:iron_helmet":3,"minecraft:baked_potato":148,"minecraft:wooden_pickaxe":1,"minecraft:copper_door":2,"mcwpaths:brick_strewn_rocky_path":4,"minecraft:copper_ingot":57,"additional_lights:fire_pit_l_stone_bricks":9,"minecraft:hay_block":13,"minecraft:brewing_stand":1,"minecraft:stone_brick_stairs":56,"minecraft:dark_oak_slab":873,"minecraft:iron_chestplate":2,"minecraft:book":36,"minecraft:diamond_pickaxe":1,"minecraft:paper":192,"minecraft:charcoal":185,"minecraft:shield":6,"minecraft:stick":424,"minecraft:iron_ingot":345,"minecraft:iron_pickaxe":16,"minecraft:iron_block":3,"minecraft:gold_ingot":70,"minecraft:black_bed":1,"minecraft:dark_oak_fence_gate":5,"minecraft:redstone":54,"minecraft:raw_iron":36,"minecraft:stone_shovel":3,"minecraft:iron_nugget":460,"minecraft:furnace":8,"minecraft:piston":6,"minecraft:dark_oak_trapdoor":103,"minecraft:jack_o_lantern":4,"minecraft:dark_oak_sign":15,"minecraft:bone_meal":81,"minecraft:spruce_fence":81,"minecraft:glass_pane":16,"minecraft:lantern":55,"minecraft:spruce_stairs":4,"minecraft:dark_oak_fence":90,"minecraft:iron_axe":10,"minecraft:ladder":12,"minecraft:iron_hoe":1,"minecraft:spruce_slab":18,"minecraft:stone_pickaxe":17,"minecraft:redstone_block":22,"minecraft:dark_oak_planks":1448,"minecraft:wheat":171,"minecraft:cooked_beef":64,"minecraft:spruce_sign":5,"minecraft:dark_oak_stairs":176,"minecraft:enchanting_table":1,"minecraft:iron_sword":4,"minecraft:bucket":5,"minecraft:stone_axe":1,"minecraft:enchanted_book":3,"minecraft:bread":208,"minecraft:air":0,"mcwbridges:brick_bridge_stair":1,"minecraft:iron_shovel":7,"minecraft:iron_leggings":2,"minecraft:anvil":1,"minecraft:stonecutter":1,"minecraft:white_bed":2,"minecraft:torch":994,"minecraft:lapis_lazuli":27,"minecraft:lapis_block":11}},"DataVersion":3953}